[main] INFO org.apache.iceberg.benchmark.remapping.RemappingMicrobenchmark - === Remapping Microbenchmark ===
[main] INFO org.apache.iceberg.benchmark.remapping.RemappingMicrobenchmark - Storage URI: s3://iceberg-benchmark-1769730994/benchmark/20260512_122445
[main] INFO org.apache.iceberg.benchmark.remapping.RemappingMicrobenchmark - Output directory: results
[main] INFO org.apache.iceberg.benchmark.remapping.RemappingMicrobenchmark - Warmup iterations: 5
[main] INFO org.apache.iceberg.benchmark.remapping.RemappingMicrobenchmark - Measurement iterations: 20
[main] INFO org.apache.iceberg.benchmark.remapping.RemappingBenchmarkRunner - Starting remapping benchmark with 5 warmup and 20 measurement iterations
[main] INFO org.apache.iceberg.benchmark.remapping.RemappingBenchmarkRunner - Running scenario: format=POSITION_DELETE_FILE, density=SPARSE, deletes=1000, runs=10, strategy=SMART
[main] INFO org.apache.iceberg.CatalogUtil - Loading custom FileIO implementation: org.apache.iceberg.aws.s3.S3FileIO
log4j:WARN No appenders could be found for logger (org.apache.iceberg.aws.shaded.org.apache.http.client.protocol.RequestAddCookies).
log4j:WARN Please initialize the log4j system properly.
log4j:WARN See http://logging.apache.org/log4j/1.2/faq.html#noconfig for more info.
[main] WARN org.apache.hadoop.util.NativeCodeLoader - Unable to load native-hadoop library for your platform... using builtin-java classes where applicable
[main] INFO org.apache.hadoop.io.compress.CodecPool - Got brand-new compressor [.gz]
[main] INFO org.apache.hadoop.io.compress.CodecPool - Got brand-new decompressor [.gz]
[main] INFO org.apache.hadoop.io.compress.CodecPool - Got brand-new compressor [.gz]
[main] INFO org.apache.hadoop.io.compress.CodecPool - Got brand-new decompressor [.gz]
[main] INFO org.apache.hadoop.io.compress.CodecPool - Got brand-new compressor [.gz]
[main] INFO org.apache.hadoop.io.compress.CodecPool - Got brand-new decompressor [.gz]
[main] INFO org.apache.hadoop.io.compress.CodecPool - Got brand-new compressor [.gz]
[main] INFO org.apache.hadoop.io.compress.CodecPool - Got brand-new decompressor [.gz]
[main] INFO org.apache.hadoop.io.compress.CodecPool - Got brand-new compressor [.gz]
[main] INFO org.apache.hadoop.io.compress.CodecPool - Got brand-new decompressor [.gz]
[main] INFO org.apache.hadoop.io.compress.CodecPool - Got brand-new compressor [.gz]
[main] INFO org.apache.hadoop.io.compress.CodecPool - Got brand-new decompressor [.gz]
[main] INFO org.apache.hadoop.io.compress.CodecPool - Got brand-new compressor [.gz]
[main] INFO org.apache.hadoop.io.compress.CodecPool - Got brand-new decompressor [.gz]
[main] INFO org.apache.hadoop.io.compress.CodecPool - Got brand-new compressor [.gz]
[main] INFO org.apache.hadoop.io.compress.CodecPool - Got brand-new decompressor [.gz]
[main] INFO org.apache.hadoop.io.compress.CodecPool - Got brand-new compressor [.gz]
[main] INFO org.apache.hadoop.io.compress.CodecPool - Got brand-new decompressor [.gz]
[main] INFO org.apache.hadoop.io.compress.CodecPool - Got brand-new compressor [.gz]
[main] INFO org.apache.hadoop.io.compress.CodecPool - Got brand-new decompressor [.gz]
[main] INFO org.apache.hadoop.io.compress.CodecPool - Got brand-new compressor [.gz]
[main] INFO org.apache.hadoop.io.compress.CodecPool - Got brand-new decompressor [.gz]
[main] INFO org.apache.hadoop.io.compress.CodecPool - Got brand-new compressor [.gz]
[main] INFO org.apache.hadoop.io.compress.CodecPool - Got brand-new decompressor [.gz]
[main] INFO org.apache.hadoop.io.compress.CodecPool - Got brand-new compressor [.gz]
[main] INFO org.apache.hadoop.io.compress.CodecPool - Got brand-new decompressor [.gz]
[main] INFO org.apache.hadoop.io.compress.CodecPool - Got brand-new compressor [.gz]
[main] INFO org.apache.hadoop.io.compress.CodecPool - Got brand-new decompressor [.gz]
[main] INFO org.apache.hadoop.io.compress.CodecPool - Got brand-new compressor [.gz]
[main] INFO org.apache.hadoop.io.compress.CodecPool - Got brand-new decompressor [.gz]
[main] INFO org.apache.hadoop.io.compress.CodecPool - Got brand-new compressor [.gz]
[main] INFO org.apache.hadoop.io.compress.CodecPool - Got brand-new decompressor [.gz]
[main] INFO org.apache.hadoop.io.compress.CodecPool - Got brand-new compressor [.gz]
[main] INFO org.apache.hadoop.io.compress.CodecPool - Got brand-new decompressor [.gz]
[main] INFO org.apache.hadoop.io.compress.CodecPool - Got brand-new compressor [.gz]
[main] INFO org.apache.hadoop.io.compress.CodecPool - Got brand-new decompressor [.gz]
[main] INFO org.apache.hadoop.io.compress.CodecPool - Got brand-new compressor [.gz]
[main] INFO org.apache.hadoop.io.compress.CodecPool - Got brand-new decompressor [.gz]
[main] INFO org.apache.hadoop.io.compress.CodecPool - Got brand-new compressor [.gz]
[main] INFO org.apache.hadoop.io.compress.CodecPool - Got brand-new decompressor [.gz]
[main] INFO org.apache.hadoop.io.compress.CodecPool - Got brand-new compressor [.gz]
[main] INFO org.apache.hadoop.io.compress.CodecPool - Got brand-new decompressor [.gz]
[main] INFO org.apache.hadoop.io.compress.CodecPool - Got brand-new compressor [.gz]
[main] INFO org.apache.hadoop.io.compress.CodecPool - Got brand-new decompressor [.gz]
[main] INFO org.apache.hadoop.io.compress.CodecPool - Got brand-new compressor [.gz]
[main] INFO org.apache.hadoop.io.compress.CodecPool - Got brand-new decompressor [.gz]
[main] INFO org.apache.hadoop.io.compress.CodecPool - Got brand-new compressor [.gz]
[main] INFO org.apache.hadoop.io.compress.CodecPool - Got brand-new decompressor [.gz]
[main] INFO org.apache.hadoop.io.compress.CodecPool - Got brand-new compressor [.gz]
[main] INFO org.apache.hadoop.io.compress.CodecPool - Got brand-new decompressor [.gz]
[main] INFO org.apache.hadoop.io.compress.CodecPool - Got brand-new compressor [.gz]
[main] INFO org.apache.iceberg.benchmark.remapping.RemappingBenchmarkRunner - Running scenario: format=POSITION_DELETE_FILE, density=SPARSE, deletes=1000, runs=100, strategy=SMART
[main] INFO org.apache.hadoop.io.compress.CodecPool - Got brand-new compressor [.gz]
[main] INFO org.apache.hadoop.io.compress.CodecPool - Got brand-new decompressor [.gz]
[main] INFO org.apache.hadoop.io.compress.CodecPool - Got brand-new compressor [.gz]
[main] INFO org.apache.hadoop.io.compress.CodecPool - Got brand-new decompressor [.gz]
[main] INFO org.apache.hadoop.io.compress.CodecPool - Got brand-new compressor [.gz]
[main] INFO org.apache.hadoop.io.compress.CodecPool - Got brand-new decompressor [.gz]
[main] INFO org.apache.hadoop.io.compress.CodecPool - Got brand-new compressor [.gz]
[main] INFO org.apache.hadoop.io.compress.CodecPool - Got brand-new decompressor [.gz]
[main] INFO org.apache.hadoop.io.compress.CodecPool - Got brand-new compressor [.gz]
[main] INFO org.apache.hadoop.io.compress.CodecPool - Got brand-new decompressor [.gz]
[main] INFO org.apache.hadoop.io.compress.CodecPool - Got brand-new compressor [.gz]
[main] INFO org.apache.hadoop.io.compress.CodecPool - Got brand-new decompressor [.gz]
[main] INFO org.apache.hadoop.io.compress.CodecPool - Got brand-new compressor [.gz]
[main] INFO org.apache.hadoop.io.compress.CodecPool - Got brand-new decompressor [.gz]
[main] INFO org.apache.hadoop.io.compress.CodecPool - Got brand-new compressor [.gz]
[main] INFO org.apache.hadoop.io.compress.CodecPool - Got brand-new decompressor [.gz]
[main] INFO org.apache.hadoop.io.compress.CodecPool - Got brand-new compressor [.gz]
[main] INFO org.apache.hadoop.io.compress.CodecPool - Got brand-new decompressor [.gz]
[main] INFO org.apache.hadoop.io.compress.CodecPool - Got brand-new compressor [.gz]
[main] INFO org.apache.hadoop.io.compress.CodecPool - Got brand-new decompressor [.gz]
[main] INFO org.apache.hadoop.io.compress.CodecPool - Got brand-new compressor [.gz]
[main] INFO org.apache.hadoop.io.compress.CodecPool - Got brand-new decompressor [.gz]
[main] INFO org.apache.hadoop.io.compress.CodecPool - Got brand-new compressor [.gz]
[main] INFO org.apache.hadoop.io.compress.CodecPool - Got brand-new decompressor [.gz]
[main] INFO org.apache.hadoop.io.compress.CodecPool - Got brand-new compressor [.gz]
[main] INFO org.apache.hadoop.io.compress.CodecPool - Got brand-new decompressor [.gz]
[main] INFO org.apache.hadoop.io.compress.CodecPool - Got brand-new compressor [.gz]
[main] INFO org.apache.hadoop.io.compress.CodecPool - Got brand-new decompressor [.gz]
[main] INFO org.apache.hadoop.io.compress.CodecPool - Got brand-new compressor [.gz]
[main] INFO org.apache.hadoop.io.compress.CodecPool - Got brand-new decompressor [.gz]
[main] INFO org.apache.hadoop.io.compress.CodecPool - Got brand-new compressor [.gz]
[main] INFO org.apache.hadoop.io.compress.CodecPool - Got brand-new decompressor [.gz]
[main] INFO org.apache.hadoop.io.compress.CodecPool - Got brand-new compressor [.gz]
[main] INFO org.apache.hadoop.io.compress.CodecPool - Got brand-new decompressor [.gz]
[main] INFO org.apache.hadoop.io.compress.CodecPool - Got brand-new compressor [.gz]
[main] INFO org.apache.hadoop.io.compress.CodecPool - Got brand-new decompressor [.gz]
[main] INFO org.apache.hadoop.io.compress.CodecPool - Got brand-new compressor [.gz]
[main] INFO org.apache.hadoop.io.compress.CodecPool - Got brand-new decompressor [.gz]
[main] INFO org.apache.hadoop.io.compress.CodecPool - Got brand-new compressor [.gz]
[main] INFO org.apache.hadoop.io.compress.CodecPool - Got brand-new decompressor [.gz]
[main] INFO org.apache.hadoop.io.compress.CodecPool - Got brand-new compressor [.gz]
[main] INFO org.apache.hadoop.io.compress.CodecPool - Got brand-new decompressor [.gz]
[main] INFO org.apache.hadoop.io.compress.CodecPool - Got brand-new compressor [.gz]
[main] INFO org.apache.hadoop.io.compress.CodecPool - Got brand-new decompressor [.gz]
[main] INFO org.apache.hadoop.io.compress.CodecPool - Got brand-new compressor [.gz]
[main] INFO org.apache.hadoop.io.compress.CodecPool - Got brand-new decompressor [.gz]
[main] INFO org.apache.hadoop.io.compress.CodecPool - Got brand-new compressor [.gz]
[main] INFO org.apache.hadoop.io.compress.CodecPool - Got brand-new decompressor [.gz]
[main] INFO org.apache.hadoop.io.compress.CodecPool - Got brand-new compressor [.gz]
[main] INFO org.apache.hadoop.io.compress.CodecPool - Got brand-new decompressor [.gz]
[main] INFO org.apache.hadoop.io.compress.CodecPool - Got brand-new compressor [.gz]
[main] INFO org.apache.iceberg.benchmark.remapping.RemappingBenchmarkRunner - Running scenario: format=POSITION_DELETE_FILE, density=SPARSE, deletes=1000, runs=1000, strategy=SMART
[main] INFO org.apache.hadoop.io.compress.CodecPool - Got brand-new compressor [.gz]
[main] INFO org.apache.hadoop.io.compress.CodecPool - Got brand-new decompressor [.gz]
[main] INFO org.apache.hadoop.io.compress.CodecPool - Got brand-new compressor [.gz]
[main] INFO org.apache.hadoop.io.compress.CodecPool - Got brand-new decompressor [.gz]
[main] INFO org.apache.hadoop.io.compress.CodecPool - Got brand-new compressor [.gz]
[main] INFO org.apache.hadoop.io.compress.CodecPool - Got brand-new decompressor [.gz]
[main] INFO org.apache.hadoop.io.compress.CodecPool - Got brand-new compressor [.gz]
[main] INFO org.apache.hadoop.io.compress.CodecPool - Got brand-new decompressor [.gz]
[main] INFO org.apache.hadoop.io.compress.CodecPool - Got brand-new compressor [.gz]
[main] INFO org.apache.hadoop.io.compress.CodecPool - Got brand-new decompressor [.gz]
[main] INFO org.apache.hadoop.io.compress.CodecPool - Got brand-new compressor [.gz]
[main] INFO org.apache.hadoop.io.compress.CodecPool - Got brand-new decompressor [.gz]
[main] INFO org.apache.hadoop.io.compress.CodecPool - Got brand-new compressor [.gz]
[main] INFO org.apache.hadoop.io.compress.CodecPool - Got brand-new decompressor [.gz]
[main] INFO org.apache.hadoop.io.compress.CodecPool - Got brand-new compressor [.gz]
[main] INFO org.apache.hadoop.io.compress.CodecPool - Got brand-new decompressor [.gz]
[main] INFO org.apache.hadoop.io.compress.CodecPool - Got brand-new compressor [.gz]
[main] INFO org.apache.hadoop.io.compress.CodecPool - Got brand-new decompressor [.gz]
[main] INFO org.apache.hadoop.io.compress.CodecPool - Got brand-new compressor [.gz]
[main] INFO org.apache.hadoop.io.compress.CodecPool - Got brand-new decompressor [.gz]
[main] INFO org.apache.hadoop.io.compress.CodecPool - Got brand-new compressor [.gz]
[main] INFO org.apache.hadoop.io.compress.CodecPool - Got brand-new decompressor [.gz]
[main] INFO org.apache.hadoop.io.compress.CodecPool - Got brand-new compressor [.gz]
[main] INFO org.apache.hadoop.io.compress.CodecPool - Got brand-new decompressor [.gz]
[main] INFO org.apache.hadoop.io.compress.CodecPool - Got brand-new compressor [.gz]
[main] INFO org.apache.hadoop.io.compress.CodecPool - Got brand-new decompressor [.gz]
[main] INFO org.apache.hadoop.io.compress.CodecPool - Got brand-new compressor [.gz]
[main] INFO org.apache.hadoop.io.compress.CodecPool - Got brand-new decompressor [.gz]
[main] INFO org.apache.hadoop.io.compress.CodecPool - Got brand-new compressor [.gz]
[main] INFO org.apache.hadoop.io.compress.CodecPool - Got brand-new decompressor [.gz]
[main] INFO org.apache.hadoop.io.compress.CodecPool - Got brand-new compressor [.gz]
[main] INFO org.apache.hadoop.io.compress.CodecPool - Got brand-new decompressor [.gz]
[main] INFO org.apache.hadoop.io.compress.CodecPool - Got brand-new compressor [.gz]
[main] INFO org.apache.hadoop.io.compress.CodecPool - Got brand-new decompressor [.gz]
[main] INFO org.apache.hadoop.io.compress.CodecPool - Got brand-new compressor [.gz]
[main] INFO org.apache.hadoop.io.compress.CodecPool - Got brand-new decompressor [.gz]
[main] INFO org.apache.hadoop.io.compress.CodecPool - Got brand-new compressor [.gz]
[main] INFO org.apache.hadoop.io.compress.CodecPool - Got brand-new decompressor [.gz]
[main] INFO org.apache.hadoop.io.compress.CodecPool - Got brand-new compressor [.gz]
[main] INFO org.apache.hadoop.io.compress.CodecPool - Got brand-new decompressor [.gz]
[main] INFO org.apache.hadoop.io.compress.CodecPool - Got brand-new compressor [.gz]
[main] INFO org.apache.hadoop.io.compress.CodecPool - Got brand-new decompressor [.gz]
[main] INFO org.apache.hadoop.io.compress.CodecPool - Got brand-new compressor [.gz]
[main] INFO org.apache.hadoop.io.compress.CodecPool - Got brand-new decompressor [.gz]
[main] INFO org.apache.hadoop.io.compress.CodecPool - Got brand-new compressor [.gz]
[main] INFO org.apache.hadoop.io.compress.CodecPool - Got brand-new decompressor [.gz]
[main] INFO org.apache.hadoop.io.compress.CodecPool - Got brand-new compressor [.gz]
[main] INFO org.apache.hadoop.io.compress.CodecPool - Got brand-new decompressor [.gz]
[main] INFO org.apache.hadoop.io.compress.CodecPool - Got brand-new compressor [.gz]
[main] INFO org.apache.hadoop.io.compress.CodecPool - Got brand-new decompressor [.gz]
[main] INFO org.apache.hadoop.io.compress.CodecPool - Got brand-new compressor [.gz]
[main] INFO org.apache.iceberg.benchmark.remapping.RemappingBenchmarkRunner - Running scenario: format=POSITION_DELETE_FILE, density=SPARSE, deletes=1000, runs=10000, strategy=SMART
[main] INFO org.apache.hadoop.io.compress.CodecPool - Got brand-new compressor [.gz]
[main] INFO org.apache.hadoop.io.compress.CodecPool - Got brand-new decompressor [.gz]
[main] INFO org.apache.hadoop.io.compress.CodecPool - Got brand-new compressor [.gz]
[main] INFO org.apache.hadoop.io.compress.CodecPool - Got brand-new decompressor [.gz]
[main] INFO org.apache.hadoop.io.compress.CodecPool - Got brand-new compressor [.gz]
[main] INFO org.apache.hadoop.io.compress.CodecPool - Got brand-new decompressor [.gz]
[main] INFO org.apache.hadoop.io.compress.CodecPool - Got brand-new compressor [.gz]
[main] INFO org.apache.hadoop.io.compress.CodecPool - Got brand-new decompressor [.gz]
[main] INFO org.apache.hadoop.io.compress.CodecPool - Got brand-new compressor [.gz]
[main] INFO org.apache.hadoop.io.compress.CodecPool - Got brand-new decompressor [.gz]
[main] INFO org.apache.hadoop.io.compress.CodecPool - Got brand-new compressor [.gz]
[main] INFO org.apache.hadoop.io.compress.CodecPool - Got brand-new decompressor [.gz]
[main] INFO org.apache.hadoop.io.compress.CodecPool - Got brand-new compressor [.gz]
[main] INFO org.apache.hadoop.io.compress.CodecPool - Got brand-new decompressor [.gz]
[main] INFO org.apache.hadoop.io.compress.CodecPool - Got brand-new compressor [.gz]
[main] INFO org.apache.hadoop.io.compress.CodecPool - Got brand-new decompressor [.gz]
[main] INFO org.apache.hadoop.io.compress.CodecPool - Got brand-new compressor [.gz]
[main] INFO org.apache.hadoop.io.compress.CodecPool - Got brand-new decompressor [.gz]
[main] INFO org.apache.hadoop.io.compress.CodecPool - Got brand-new compressor [.gz]
[main] INFO org.apache.hadoop.io.compress.CodecPool - Got brand-new decompressor [.gz]
[main] INFO org.apache.hadoop.io.compress.CodecPool - Got brand-new compressor [.gz]
[main] INFO org.apache.hadoop.io.compress.CodecPool - Got brand-new decompressor [.gz]
[main] INFO org.apache.hadoop.io.compress.CodecPool - Got brand-new compressor [.gz]
[main] INFO org.apache.hadoop.io.compress.CodecPool - Got brand-new decompressor [.gz]
[main] INFO org.apache.hadoop.io.compress.CodecPool - Got brand-new compressor [.gz]
[main] INFO org.apache.hadoop.io.compress.CodecPool - Got brand-new decompressor [.gz]
[main] INFO org.apache.hadoop.io.compress.CodecPool - Got brand-new compressor [.gz]
[main] INFO org.apache.hadoop.io.compress.CodecPool - Got brand-new decompressor [.gz]
[main] INFO org.apache.hadoop.io.compress.CodecPool - Got brand-new compressor [.gz]
[main] INFO org.apache.hadoop.io.compress.CodecPool - Got brand-new decompressor [.gz]
[main] INFO org.apache.hadoop.io.compress.CodecPool - Got brand-new compressor [.gz]
[main] INFO org.apache.hadoop.io.compress.CodecPool - Got brand-new decompressor [.gz]
[main] INFO org.apache.hadoop.io.compress.CodecPool - Got brand-new compressor [.gz]
[main] INFO org.apache.hadoop.io.compress.CodecPool - Got brand-new decompressor [.gz]
[main] INFO org.apache.hadoop.io.compress.CodecPool - Got brand-new compressor [.gz]
[main] INFO org.apache.hadoop.io.compress.CodecPool - Got brand-new decompressor [.gz]
[main] INFO org.apache.hadoop.io.compress.CodecPool - Got brand-new compressor [.gz]
[main] INFO org.apache.hadoop.io.compress.CodecPool - Got brand-new decompressor [.gz]
[main] INFO org.apache.hadoop.io.compress.CodecPool - Got brand-new compressor [.gz]
[main] INFO org.apache.hadoop.io.compress.CodecPool - Got brand-new decompressor [.gz]
[main] INFO org.apache.hadoop.io.compress.CodecPool - Got brand-new compressor [.gz]
[main] INFO org.apache.hadoop.io.compress.CodecPool - Got brand-new decompressor [.gz]
[main] INFO org.apache.hadoop.io.compress.CodecPool - Got brand-new compressor [.gz]
[main] INFO org.apache.hadoop.io.compress.CodecPool - Got brand-new decompressor [.gz]
[main] INFO org.apache.hadoop.io.compress.CodecPool - Got brand-new compressor [.gz]
[main] INFO org.apache.hadoop.io.compress.CodecPool - Got brand-new decompressor [.gz]
[main] INFO org.apache.hadoop.io.compress.CodecPool - Got brand-new compressor [.gz]
[main] INFO org.apache.hadoop.io.compress.CodecPool - Got brand-new decompressor [.gz]
[main] INFO org.apache.hadoop.io.compress.CodecPool - Got brand-new compressor [.gz]
[main] INFO org.apache.hadoop.io.compress.CodecPool - Got brand-new decompressor [.gz]
[main] INFO org.apache.hadoop.io.compress.CodecPool - Got brand-new compressor [.gz]
[main] INFO org.apache.iceberg.benchmark.remapping.RemappingBenchmarkRunner - Running scenario: format=POSITION_DELETE_FILE, density=SPARSE, deletes=10000, runs=10, strategy=SMART
[main] INFO org.apache.hadoop.io.compress.CodecPool - Got brand-new compressor [.gz]
[main] INFO org.apache.hadoop.io.compress.CodecPool - Got brand-new decompressor [.gz]
[main] INFO org.apache.hadoop.io.compress.CodecPool - Got brand-new compressor [.gz]
[main] INFO org.apache.hadoop.io.compress.CodecPool - Got brand-new decompressor [.gz]
[main] INFO org.apache.hadoop.io.compress.CodecPool - Got brand-new compressor [.gz]
[main] INFO org.apache.hadoop.io.compress.CodecPool - Got brand-new decompressor [.gz]
[main] INFO org.apache.hadoop.io.compress.CodecPool - Got brand-new compressor [.gz]
[main] INFO org.apache.hadoop.io.compress.CodecPool - Got brand-new decompressor [.gz]
[main] INFO org.apache.hadoop.io.compress.CodecPool - Got brand-new compressor [.gz]
[main] INFO org.apache.hadoop.io.compress.CodecPool - Got brand-new decompressor [.gz]
[main] INFO org.apache.hadoop.io.compress.CodecPool - Got brand-new compressor [.gz]
[main] INFO org.apache.hadoop.io.compress.CodecPool - Got brand-new decompressor [.gz]
[main] INFO org.apache.hadoop.io.compress.CodecPool - Got brand-new compressor [.gz]
[main] INFO org.apache.hadoop.io.compress.CodecPool - Got brand-new decompressor [.gz]
[main] INFO org.apache.hadoop.io.compress.CodecPool - Got brand-new compressor [.gz]
[main] INFO org.apache.hadoop.io.compress.CodecPool - Got brand-new decompressor [.gz]
[main] INFO org.apache.hadoop.io.compress.CodecPool - Got brand-new compressor [.gz]
[main] INFO org.apache.hadoop.io.compress.CodecPool - Got brand-new decompressor [.gz]
[main] INFO org.apache.hadoop.io.compress.CodecPool - Got brand-new compressor [.gz]
[main] INFO org.apache.hadoop.io.compress.CodecPool - Got brand-new decompressor [.gz]
[main] INFO org.apache.hadoop.io.compress.CodecPool - Got brand-new compressor [.gz]
[main] INFO org.apache.hadoop.io.compress.CodecPool - Got brand-new decompressor [.gz]
[main] INFO org.apache.hadoop.io.compress.CodecPool - Got brand-new compressor [.gz]
[main] INFO org.apache.hadoop.io.compress.CodecPool - Got brand-new decompressor [.gz]
[main] INFO org.apache.hadoop.io.compress.CodecPool - Got brand-new compressor [.gz]
[main] INFO org.apache.hadoop.io.compress.CodecPool - Got brand-new decompressor [.gz]
[main] INFO org.apache.hadoop.io.compress.CodecPool - Got brand-new compressor [.gz]
[main] INFO org.apache.hadoop.io.compress.CodecPool - Got brand-new decompressor [.gz]
[main] INFO org.apache.hadoop.io.compress.CodecPool - Got brand-new compressor [.gz]
[main] INFO org.apache.hadoop.io.compress.CodecPool - Got brand-new decompressor [.gz]
[main] INFO org.apache.hadoop.io.compress.CodecPool - Got brand-new compressor [.gz]
[main] INFO org.apache.hadoop.io.compress.CodecPool - Got brand-new decompressor [.gz]
[main] INFO org.apache.hadoop.io.compress.CodecPool - Got brand-new compressor [.gz]
[main] INFO org.apache.hadoop.io.compress.CodecPool - Got brand-new decompressor [.gz]
[main] INFO org.apache.hadoop.io.compress.CodecPool - Got brand-new compressor [.gz]
[main] INFO org.apache.hadoop.io.compress.CodecPool - Got brand-new decompressor [.gz]
[main] INFO org.apache.hadoop.io.compress.CodecPool - Got brand-new compressor [.gz]
[main] INFO org.apache.hadoop.io.compress.CodecPool - Got brand-new decompressor [.gz]
[main] INFO org.apache.hadoop.io.compress.CodecPool - Got brand-new compressor [.gz]
[main] INFO org.apache.hadoop.io.compress.CodecPool - Got brand-new decompressor [.gz]
[main] INFO org.apache.hadoop.io.compress.CodecPool - Got brand-new compressor [.gz]
[main] INFO org.apache.hadoop.io.compress.CodecPool - Got brand-new decompressor [.gz]
[main] INFO org.apache.hadoop.io.compress.CodecPool - Got brand-new compressor [.gz]
[main] INFO org.apache.hadoop.io.compress.CodecPool - Got brand-new decompressor [.gz]
[main] INFO org.apache.hadoop.io.compress.CodecPool - Got brand-new compressor [.gz]
[main] INFO org.apache.hadoop.io.compress.CodecPool - Got brand-new decompressor [.gz]
[main] INFO org.apache.hadoop.io.compress.CodecPool - Got brand-new compressor [.gz]
[main] INFO org.apache.hadoop.io.compress.CodecPool - Got brand-new decompressor [.gz]
[main] INFO org.apache.hadoop.io.compress.CodecPool - Got brand-new compressor [.gz]
[main] INFO org.apache.hadoop.io.compress.CodecPool - Got brand-new decompressor [.gz]
[main] INFO org.apache.hadoop.io.compress.CodecPool - Got brand-new compressor [.gz]
[main] INFO org.apache.iceberg.benchmark.remapping.RemappingBenchmarkRunner - Running scenario: format=POSITION_DELETE_FILE, density=SPARSE, deletes=10000, runs=100, strategy=SMART
[main] INFO org.apache.hadoop.io.compress.CodecPool - Got brand-new compressor [.gz]
[main] INFO org.apache.hadoop.io.compress.CodecPool - Got brand-new decompressor [.gz]
[main] INFO org.apache.hadoop.io.compress.CodecPool - Got brand-new compressor [.gz]
[main] INFO org.apache.hadoop.io.compress.CodecPool - Got brand-new decompressor [.gz]
[main] INFO org.apache.hadoop.io.compress.CodecPool - Got brand-new compressor [.gz]
[main] INFO org.apache.hadoop.io.compress.CodecPool - Got brand-new decompressor [.gz]
[main] INFO org.apache.hadoop.io.compress.CodecPool - Got brand-new compressor [.gz]
[main] INFO org.apache.hadoop.io.compress.CodecPool - Got brand-new decompressor [.gz]
[main] INFO org.apache.hadoop.io.compress.CodecPool - Got brand-new compressor [.gz]
[main] INFO org.apache.hadoop.io.compress.CodecPool - Got brand-new decompressor [.gz]
[main] INFO org.apache.hadoop.io.compress.CodecPool - Got brand-new compressor [.gz]
[main] INFO org.apache.hadoop.io.compress.CodecPool - Got brand-new decompressor [.gz]
[main] INFO org.apache.hadoop.io.compress.CodecPool - Got brand-new compressor [.gz]
[main] INFO org.apache.hadoop.io.compress.CodecPool - Got brand-new decompressor [.gz]
[main] INFO org.apache.hadoop.io.compress.CodecPool - Got brand-new compressor [.gz]
[main] INFO org.apache.hadoop.io.compress.CodecPool - Got brand-new decompressor [.gz]
[main] INFO org.apache.hadoop.io.compress.CodecPool - Got brand-new compressor [.gz]
[main] INFO org.apache.hadoop.io.compress.CodecPool - Got brand-new decompressor [.gz]
[main] INFO org.apache.hadoop.io.compress.CodecPool - Got brand-new compressor [.gz]
[main] INFO org.apache.hadoop.io.compress.CodecPool - Got brand-new decompressor [.gz]
[main] INFO org.apache.hadoop.io.compress.CodecPool - Got brand-new compressor [.gz]
[main] INFO org.apache.hadoop.io.compress.CodecPool - Got brand-new decompressor [.gz]
[main] INFO org.apache.hadoop.io.compress.CodecPool - Got brand-new compressor [.gz]
[main] INFO org.apache.hadoop.io.compress.CodecPool - Got brand-new decompressor [.gz]
[main] INFO org.apache.hadoop.io.compress.CodecPool - Got brand-new compressor [.gz]
[main] INFO org.apache.hadoop.io.compress.CodecPool - Got brand-new decompressor [.gz]
[main] INFO org.apache.hadoop.io.compress.CodecPool - Got brand-new compressor [.gz]
[main] INFO org.apache.hadoop.io.compress.CodecPool - Got brand-new decompressor [.gz]
[main] INFO org.apache.hadoop.io.compress.CodecPool - Got brand-new compressor [.gz]
[main] INFO org.apache.hadoop.io.compress.CodecPool - Got brand-new decompressor [.gz]
[main] INFO org.apache.hadoop.io.compress.CodecPool - Got brand-new compressor [.gz]
[main] INFO org.apache.hadoop.io.compress.CodecPool - Got brand-new decompressor [.gz]
[main] INFO org.apache.hadoop.io.compress.CodecPool - Got brand-new compressor [.gz]
[main] INFO org.apache.hadoop.io.compress.CodecPool - Got brand-new decompressor [.gz]
[main] INFO org.apache.hadoop.io.compress.CodecPool - Got brand-new compressor [.gz]
[main] INFO org.apache.hadoop.io.compress.CodecPool - Got brand-new decompressor [.gz]
[main] INFO org.apache.hadoop.io.compress.CodecPool - Got brand-new compressor [.gz]
[main] INFO org.apache.hadoop.io.compress.CodecPool - Got brand-new decompressor [.gz]
[main] INFO org.apache.hadoop.io.compress.CodecPool - Got brand-new compressor [.gz]
[main] INFO org.apache.hadoop.io.compress.CodecPool - Got brand-new decompressor [.gz]
[main] INFO org.apache.hadoop.io.compress.CodecPool - Got brand-new compressor [.gz]
[main] INFO org.apache.hadoop.io.compress.CodecPool - Got brand-new decompressor [.gz]
[main] INFO org.apache.hadoop.io.compress.CodecPool - Got brand-new compressor [.gz]
[main] INFO org.apache.hadoop.io.compress.CodecPool - Got brand-new decompressor [.gz]
[main] INFO org.apache.hadoop.io.compress.CodecPool - Got brand-new compressor [.gz]
[main] INFO org.apache.hadoop.io.compress.CodecPool - Got brand-new decompressor [.gz]
[main] INFO org.apache.hadoop.io.compress.CodecPool - Got brand-new compressor [.gz]
[main] INFO org.apache.hadoop.io.compress.CodecPool - Got brand-new decompressor [.gz]
[main] INFO org.apache.hadoop.io.compress.CodecPool - Got brand-new compressor [.gz]
[main] INFO org.apache.hadoop.io.compress.CodecPool - Got brand-new decompressor [.gz]
[main] INFO org.apache.hadoop.io.compress.CodecPool - Got brand-new compressor [.gz]
[main] INFO org.apache.iceberg.benchmark.remapping.RemappingBenchmarkRunner - Running scenario: format=POSITION_DELETE_FILE, density=SPARSE, deletes=10000, runs=1000, strategy=SMART
[main] INFO org.apache.hadoop.io.compress.CodecPool - Got brand-new compressor [.gz]
[main] INFO org.apache.hadoop.io.compress.CodecPool - Got brand-new decompressor [.gz]
[main] INFO org.apache.hadoop.io.compress.CodecPool - Got brand-new compressor [.gz]
[main] INFO org.apache.hadoop.io.compress.CodecPool - Got brand-new decompressor [.gz]
[main] INFO org.apache.hadoop.io.compress.CodecPool - Got brand-new compressor [.gz]
[main] INFO org.apache.hadoop.io.compress.CodecPool - Got brand-new decompressor [.gz]
[main] INFO org.apache.hadoop.io.compress.CodecPool - Got brand-new compressor [.gz]
[main] INFO org.apache.hadoop.io.compress.CodecPool - Got brand-new decompressor [.gz]
[main] INFO org.apache.hadoop.io.compress.CodecPool - Got brand-new compressor [.gz]
[main] INFO org.apache.hadoop.io.compress.CodecPool - Got brand-new decompressor [.gz]
[main] INFO org.apache.hadoop.io.compress.CodecPool - Got brand-new compressor [.gz]
[main] INFO org.apache.hadoop.io.compress.CodecPool - Got brand-new decompressor [.gz]
[main] INFO org.apache.hadoop.io.compress.CodecPool - Got brand-new compressor [.gz]
[main] INFO org.apache.hadoop.io.compress.CodecPool - Got brand-new decompressor [.gz]
[main] INFO org.apache.hadoop.io.compress.CodecPool - Got brand-new compressor [.gz]
[main] INFO org.apache.hadoop.io.compress.CodecPool - Got brand-new decompressor [.gz]
[main] INFO org.apache.hadoop.io.compress.CodecPool - Got brand-new compressor [.gz]
[main] INFO org.apache.hadoop.io.compress.CodecPool - Got brand-new decompressor [.gz]
[main] INFO org.apache.hadoop.io.compress.CodecPool - Got brand-new compressor [.gz]
[main] INFO org.apache.hadoop.io.compress.CodecPool - Got brand-new decompressor [.gz]
[main] INFO org.apache.hadoop.io.compress.CodecPool - Got brand-new compressor [.gz]
[main] INFO org.apache.hadoop.io.compress.CodecPool - Got brand-new decompressor [.gz]
[main] INFO org.apache.hadoop.io.compress.CodecPool - Got brand-new compressor [.gz]
[main] INFO org.apache.hadoop.io.compress.CodecPool - Got brand-new decompressor [.gz]
[main] INFO org.apache.hadoop.io.compress.CodecPool - Got brand-new compressor [.gz]
[main] INFO org.apache.hadoop.io.compress.CodecPool - Got brand-new decompressor [.gz]
[main] INFO org.apache.hadoop.io.compress.CodecPool - Got brand-new compressor [.gz]
[main] INFO org.apache.hadoop.io.compress.CodecPool - Got brand-new decompressor [.gz]
[main] INFO org.apache.hadoop.io.compress.CodecPool - Got brand-new compressor [.gz]
[main] INFO org.apache.hadoop.io.compress.CodecPool - Got brand-new decompressor [.gz]
[main] INFO org.apache.hadoop.io.compress.CodecPool - Got brand-new compressor [.gz]
[main] INFO org.apache.hadoop.io.compress.CodecPool - Got brand-new decompressor [.gz]
[main] INFO org.apache.hadoop.io.compress.CodecPool - Got brand-new compressor [.gz]
[main] INFO org.apache.hadoop.io.compress.CodecPool - Got brand-new decompressor [.gz]
[main] INFO org.apache.hadoop.io.compress.CodecPool - Got brand-new compressor [.gz]
[main] INFO org.apache.hadoop.io.compress.CodecPool - Got brand-new decompressor [.gz]
[main] INFO org.apache.hadoop.io.compress.CodecPool - Got brand-new compressor [.gz]
[main] INFO org.apache.hadoop.io.compress.CodecPool - Got brand-new decompressor [.gz]
[main] INFO org.apache.hadoop.io.compress.CodecPool - Got brand-new compressor [.gz]
[main] INFO org.apache.hadoop.io.compress.CodecPool - Got brand-new decompressor [.gz]
[main] INFO org.apache.hadoop.io.compress.CodecPool - Got brand-new compressor [.gz]
[main] INFO org.apache.hadoop.io.compress.CodecPool - Got brand-new decompressor [.gz]
[main] INFO org.apache.hadoop.io.compress.CodecPool - Got brand-new compressor [.gz]
[main] INFO org.apache.hadoop.io.compress.CodecPool - Got brand-new decompressor [.gz]
[main] INFO org.apache.hadoop.io.compress.CodecPool - Got brand-new compressor [.gz]
[main] INFO org.apache.hadoop.io.compress.CodecPool - Got brand-new decompressor [.gz]
[main] INFO org.apache.hadoop.io.compress.CodecPool - Got brand-new compressor [.gz]
[main] INFO org.apache.hadoop.io.compress.CodecPool - Got brand-new decompressor [.gz]
[main] INFO org.apache.hadoop.io.compress.CodecPool - Got brand-new compressor [.gz]
[main] INFO org.apache.hadoop.io.compress.CodecPool - Got brand-new decompressor [.gz]
[main] INFO org.apache.hadoop.io.compress.CodecPool - Got brand-new compressor [.gz]
[main] INFO org.apache.iceberg.benchmark.remapping.RemappingBenchmarkRunner - Running scenario: format=POSITION_DELETE_FILE, density=SPARSE, deletes=10000, runs=10000, strategy=SMART
[main] INFO org.apache.hadoop.io.compress.CodecPool - Got brand-new compressor [.gz]
[main] INFO org.apache.hadoop.io.compress.CodecPool - Got brand-new decompressor [.gz]
[main] INFO org.apache.hadoop.io.compress.CodecPool - Got brand-new compressor [.gz]
[main] INFO org.apache.hadoop.io.compress.CodecPool - Got brand-new decompressor [.gz]
[main] INFO org.apache.hadoop.io.compress.CodecPool - Got brand-new compressor [.gz]
[main] INFO org.apache.hadoop.io.compress.CodecPool - Got brand-new decompressor [.gz]
[main] INFO org.apache.hadoop.io.compress.CodecPool - Got brand-new compressor [.gz]
[main] INFO org.apache.hadoop.io.compress.CodecPool - Got brand-new decompressor [.gz]
[main] INFO org.apache.hadoop.io.compress.CodecPool - Got brand-new compressor [.gz]
[main] INFO org.apache.hadoop.io.compress.CodecPool - Got brand-new decompressor [.gz]
[main] INFO org.apache.hadoop.io.compress.CodecPool - Got brand-new compressor [.gz]
[main] INFO org.apache.hadoop.io.compress.CodecPool - Got brand-new decompressor [.gz]
[main] INFO org.apache.hadoop.io.compress.CodecPool - Got brand-new compressor [.gz]
[main] INFO org.apache.hadoop.io.compress.CodecPool - Got brand-new decompressor [.gz]
[main] INFO org.apache.hadoop.io.compress.CodecPool - Got brand-new compressor [.gz]
[main] INFO org.apache.hadoop.io.compress.CodecPool - Got brand-new decompressor [.gz]
[main] INFO org.apache.hadoop.io.compress.CodecPool - Got brand-new compressor [.gz]
[main] INFO org.apache.hadoop.io.compress.CodecPool - Got brand-new decompressor [.gz]
[main] INFO org.apache.hadoop.io.compress.CodecPool - Got brand-new compressor [.gz]
[main] INFO org.apache.hadoop.io.compress.CodecPool - Got brand-new decompressor [.gz]
[main] INFO org.apache.hadoop.io.compress.CodecPool - Got brand-new compressor [.gz]
[main] INFO org.apache.hadoop.io.compress.CodecPool - Got brand-new decompressor [.gz]
[main] INFO org.apache.hadoop.io.compress.CodecPool - Got brand-new compressor [.gz]
[main] INFO org.apache.hadoop.io.compress.CodecPool - Got brand-new decompressor [.gz]
[main] INFO org.apache.hadoop.io.compress.CodecPool - Got brand-new compressor [.gz]
[main] INFO org.apache.hadoop.io.compress.CodecPool - Got brand-new decompressor [.gz]
[main] INFO org.apache.hadoop.io.compress.CodecPool - Got brand-new compressor [.gz]
[main] INFO org.apache.hadoop.io.compress.CodecPool - Got brand-new decompressor [.gz]
[main] INFO org.apache.hadoop.io.compress.CodecPool - Got brand-new compressor [.gz]
[main] INFO org.apache.hadoop.io.compress.CodecPool - Got brand-new decompressor [.gz]
[main] INFO org.apache.hadoop.io.compress.CodecPool - Got brand-new compressor [.gz]
[main] INFO org.apache.hadoop.io.compress.CodecPool - Got brand-new decompressor [.gz]
[main] INFO org.apache.hadoop.io.compress.CodecPool - Got brand-new compressor [.gz]
[main] INFO org.apache.hadoop.io.compress.CodecPool - Got brand-new decompressor [.gz]
[main] INFO org.apache.hadoop.io.compress.CodecPool - Got brand-new compressor [.gz]
[main] INFO org.apache.hadoop.io.compress.CodecPool - Got brand-new decompressor [.gz]
[main] INFO org.apache.hadoop.io.compress.CodecPool - Got brand-new compressor [.gz]
[main] INFO org.apache.hadoop.io.compress.CodecPool - Got brand-new decompressor [.gz]
[main] INFO org.apache.hadoop.io.compress.CodecPool - Got brand-new compressor [.gz]
[main] INFO org.apache.hadoop.io.compress.CodecPool - Got brand-new decompressor [.gz]
[main] INFO org.apache.hadoop.io.compress.CodecPool - Got brand-new compressor [.gz]
[main] INFO org.apache.hadoop.io.compress.CodecPool - Got brand-new decompressor [.gz]
[main] INFO org.apache.hadoop.io.compress.CodecPool - Got brand-new compressor [.gz]
[main] INFO org.apache.hadoop.io.compress.CodecPool - Got brand-new decompressor [.gz]
[main] INFO org.apache.hadoop.io.compress.CodecPool - Got brand-new compressor [.gz]
[main] INFO org.apache.hadoop.io.compress.CodecPool - Got brand-new decompressor [.gz]
[main] INFO org.apache.hadoop.io.compress.CodecPool - Got brand-new compressor [.gz]
[main] INFO org.apache.hadoop.io.compress.CodecPool - Got brand-new decompressor [.gz]
[main] INFO org.apache.hadoop.io.compress.CodecPool - Got brand-new compressor [.gz]
[main] INFO org.apache.hadoop.io.compress.CodecPool - Got brand-new decompressor [.gz]
[main] INFO org.apache.hadoop.io.compress.CodecPool - Got brand-new compressor [.gz]
[main] INFO org.apache.iceberg.benchmark.remapping.RemappingBenchmarkRunner - Running scenario: format=POSITION_DELETE_FILE, density=SPARSE, deletes=100000, runs=10, strategy=SMART
[main] INFO org.apache.hadoop.io.compress.CodecPool - Got brand-new compressor [.gz]
[main] INFO org.apache.hadoop.io.compress.CodecPool - Got brand-new decompressor [.gz]
[main] INFO org.apache.hadoop.io.compress.CodecPool - Got brand-new compressor [.gz]
[main] INFO org.apache.hadoop.io.compress.CodecPool - Got brand-new decompressor [.gz]
[main] INFO org.apache.hadoop.io.compress.CodecPool - Got brand-new compressor [.gz]
[main] INFO org.apache.hadoop.io.compress.CodecPool - Got brand-new decompressor [.gz]
[main] INFO org.apache.hadoop.io.compress.CodecPool - Got brand-new compressor [.gz]
[main] INFO org.apache.hadoop.io.compress.CodecPool - Got brand-new decompressor [.gz]
[main] INFO org.apache.hadoop.io.compress.CodecPool - Got brand-new compressor [.gz]
[main] INFO org.apache.hadoop.io.compress.CodecPool - Got brand-new decompressor [.gz]
[main] INFO org.apache.hadoop.io.compress.CodecPool - Got brand-new compressor [.gz]
[main] INFO org.apache.hadoop.io.compress.CodecPool - Got brand-new decompressor [.gz]
[main] INFO org.apache.hadoop.io.compress.CodecPool - Got brand-new compressor [.gz]
[main] INFO org.apache.hadoop.io.compress.CodecPool - Got brand-new decompressor [.gz]
[main] INFO org.apache.hadoop.io.compress.CodecPool - Got brand-new compressor [.gz]
[main] INFO org.apache.hadoop.io.compress.CodecPool - Got brand-new decompressor [.gz]
[main] INFO org.apache.hadoop.io.compress.CodecPool - Got brand-new compressor [.gz]
[main] INFO org.apache.hadoop.io.compress.CodecPool - Got brand-new decompressor [.gz]
[main] INFO org.apache.hadoop.io.compress.CodecPool - Got brand-new compressor [.gz]
[main] INFO org.apache.hadoop.io.compress.CodecPool - Got brand-new decompressor [.gz]
[main] INFO org.apache.hadoop.io.compress.CodecPool - Got brand-new compressor [.gz]
[main] INFO org.apache.hadoop.io.compress.CodecPool - Got brand-new decompressor [.gz]
[main] INFO org.apache.hadoop.io.compress.CodecPool - Got brand-new compressor [.gz]
[main] INFO org.apache.hadoop.io.compress.CodecPool - Got brand-new decompressor [.gz]
[main] INFO org.apache.hadoop.io.compress.CodecPool - Got brand-new compressor [.gz]
[main] INFO org.apache.hadoop.io.compress.CodecPool - Got brand-new decompressor [.gz]
[main] INFO org.apache.hadoop.io.compress.CodecPool - Got brand-new compressor [.gz]
[main] INFO org.apache.hadoop.io.compress.CodecPool - Got brand-new decompressor [.gz]
[main] INFO org.apache.hadoop.io.compress.CodecPool - Got brand-new compressor [.gz]
[main] INFO org.apache.hadoop.io.compress.CodecPool - Got brand-new decompressor [.gz]
[main] INFO org.apache.hadoop.io.compress.CodecPool - Got brand-new compressor [.gz]
[main] INFO org.apache.hadoop.io.compress.CodecPool - Got brand-new decompressor [.gz]
[main] INFO org.apache.hadoop.io.compress.CodecPool - Got brand-new compressor [.gz]
[main] INFO org.apache.hadoop.io.compress.CodecPool - Got brand-new decompressor [.gz]
[main] INFO org.apache.hadoop.io.compress.CodecPool - Got brand-new compressor [.gz]
[main] INFO org.apache.hadoop.io.compress.CodecPool - Got brand-new decompressor [.gz]
[main] INFO org.apache.hadoop.io.compress.CodecPool - Got brand-new compressor [.gz]
[main] INFO org.apache.hadoop.io.compress.CodecPool - Got brand-new decompressor [.gz]
[main] INFO org.apache.hadoop.io.compress.CodecPool - Got brand-new compressor [.gz]
[main] INFO org.apache.hadoop.io.compress.CodecPool - Got brand-new decompressor [.gz]
[main] INFO org.apache.hadoop.io.compress.CodecPool - Got brand-new compressor [.gz]
[main] INFO org.apache.hadoop.io.compress.CodecPool - Got brand-new decompressor [.gz]
[main] INFO org.apache.hadoop.io.compress.CodecPool - Got brand-new compressor [.gz]
[main] INFO org.apache.hadoop.io.compress.CodecPool - Got brand-new decompressor [.gz]
[main] INFO org.apache.hadoop.io.compress.CodecPool - Got brand-new compressor [.gz]
[main] INFO org.apache.hadoop.io.compress.CodecPool - Got brand-new decompressor [.gz]
[main] INFO org.apache.hadoop.io.compress.CodecPool - Got brand-new compressor [.gz]
[main] INFO org.apache.hadoop.io.compress.CodecPool - Got brand-new decompressor [.gz]
[main] INFO org.apache.hadoop.io.compress.CodecPool - Got brand-new compressor [.gz]
[main] INFO org.apache.hadoop.io.compress.CodecPool - Got brand-new decompressor [.gz]
[main] INFO org.apache.hadoop.io.compress.CodecPool - Got brand-new compressor [.gz]
[main] INFO org.apache.iceberg.benchmark.remapping.RemappingBenchmarkRunner - Running scenario: format=POSITION_DELETE_FILE, density=SPARSE, deletes=100000, runs=100, strategy=SMART
[main] INFO org.apache.hadoop.io.compress.CodecPool - Got brand-new compressor [.gz]
[main] INFO org.apache.hadoop.io.compress.CodecPool - Got brand-new decompressor [.gz]
[main] INFO org.apache.hadoop.io.compress.CodecPool - Got brand-new compressor [.gz]
[main] INFO org.apache.hadoop.io.compress.CodecPool - Got brand-new decompressor [.gz]
[main] INFO org.apache.hadoop.io.compress.CodecPool - Got brand-new compressor [.gz]
[main] INFO org.apache.hadoop.io.compress.CodecPool - Got brand-new decompressor [.gz]
[main] INFO org.apache.hadoop.io.compress.CodecPool - Got brand-new compressor [.gz]
[main] INFO org.apache.hadoop.io.compress.CodecPool - Got brand-new decompressor [.gz]
[main] INFO org.apache.hadoop.io.compress.CodecPool - Got brand-new compressor [.gz]
[main] INFO org.apache.hadoop.io.compress.CodecPool - Got brand-new decompressor [.gz]
[main] INFO org.apache.hadoop.io.compress.CodecPool - Got brand-new compressor [.gz]
[main] INFO org.apache.hadoop.io.compress.CodecPool - Got brand-new decompressor [.gz]
[main] INFO org.apache.hadoop.io.compress.CodecPool - Got brand-new compressor [.gz]
[main] INFO org.apache.hadoop.io.compress.CodecPool - Got brand-new decompressor [.gz]
[main] INFO org.apache.hadoop.io.compress.CodecPool - Got brand-new compressor [.gz]
[main] INFO org.apache.hadoop.io.compress.CodecPool - Got brand-new decompressor [.gz]
[main] INFO org.apache.hadoop.io.compress.CodecPool - Got brand-new compressor [.gz]
[main] INFO org.apache.hadoop.io.compress.CodecPool - Got brand-new decompressor [.gz]
[main] INFO org.apache.hadoop.io.compress.CodecPool - Got brand-new compressor [.gz]
[main] INFO org.apache.hadoop.io.compress.CodecPool - Got brand-new decompressor [.gz]
[main] INFO org.apache.hadoop.io.compress.CodecPool - Got brand-new compressor [.gz]
[main] INFO org.apache.hadoop.io.compress.CodecPool - Got brand-new decompressor [.gz]
[main] INFO org.apache.hadoop.io.compress.CodecPool - Got brand-new compressor [.gz]
[main] INFO org.apache.hadoop.io.compress.CodecPool - Got brand-new decompressor [.gz]
[main] INFO org.apache.hadoop.io.compress.CodecPool - Got brand-new compressor [.gz]
[main] INFO org.apache.hadoop.io.compress.CodecPool - Got brand-new decompressor [.gz]
[main] INFO org.apache.hadoop.io.compress.CodecPool - Got brand-new compressor [.gz]
[main] INFO org.apache.hadoop.io.compress.CodecPool - Got brand-new decompressor [.gz]
[main] INFO org.apache.hadoop.io.compress.CodecPool - Got brand-new compressor [.gz]
[main] INFO org.apache.hadoop.io.compress.CodecPool - Got brand-new decompressor [.gz]
[main] INFO org.apache.hadoop.io.compress.CodecPool - Got brand-new compressor [.gz]
[main] INFO org.apache.hadoop.io.compress.CodecPool - Got brand-new decompressor [.gz]
[main] INFO org.apache.hadoop.io.compress.CodecPool - Got brand-new compressor [.gz]
[main] INFO org.apache.hadoop.io.compress.CodecPool - Got brand-new decompressor [.gz]
[main] INFO org.apache.hadoop.io.compress.CodecPool - Got brand-new compressor [.gz]
[main] INFO org.apache.hadoop.io.compress.CodecPool - Got brand-new decompressor [.gz]
[main] INFO org.apache.hadoop.io.compress.CodecPool - Got brand-new compressor [.gz]
[main] INFO org.apache.hadoop.io.compress.CodecPool - Got brand-new decompressor [.gz]
[main] INFO org.apache.hadoop.io.compress.CodecPool - Got brand-new compressor [.gz]
[main] INFO org.apache.hadoop.io.compress.CodecPool - Got brand-new decompressor [.gz]
[main] INFO org.apache.hadoop.io.compress.CodecPool - Got brand-new compressor [.gz]
[main] INFO org.apache.hadoop.io.compress.CodecPool - Got brand-new decompressor [.gz]
[main] INFO org.apache.hadoop.io.compress.CodecPool - Got brand-new compressor [.gz]
[main] INFO org.apache.hadoop.io.compress.CodecPool - Got brand-new decompressor [.gz]
[main] INFO org.apache.hadoop.io.compress.CodecPool - Got brand-new compressor [.gz]
[main] INFO org.apache.hadoop.io.compress.CodecPool - Got brand-new decompressor [.gz]
[main] INFO org.apache.hadoop.io.compress.CodecPool - Got brand-new compressor [.gz]
[main] INFO org.apache.hadoop.io.compress.CodecPool - Got brand-new decompressor [.gz]
[main] INFO org.apache.hadoop.io.compress.CodecPool - Got brand-new compressor [.gz]
[main] INFO org.apache.hadoop.io.compress.CodecPool - Got brand-new decompressor [.gz]
[main] INFO org.apache.hadoop.io.compress.CodecPool - Got brand-new compressor [.gz]
[main] INFO org.apache.iceberg.benchmark.remapping.RemappingBenchmarkRunner - Running scenario: format=POSITION_DELETE_FILE, density=SPARSE, deletes=100000, runs=1000, strategy=SMART
[main] INFO org.apache.hadoop.io.compress.CodecPool - Got brand-new compressor [.gz]
[main] INFO org.apache.hadoop.io.compress.CodecPool - Got brand-new decompressor [.gz]
[main] INFO org.apache.hadoop.io.compress.CodecPool - Got brand-new compressor [.gz]
[main] INFO org.apache.hadoop.io.compress.CodecPool - Got brand-new decompressor [.gz]
[main] INFO org.apache.hadoop.io.compress.CodecPool - Got brand-new compressor [.gz]
[main] INFO org.apache.hadoop.io.compress.CodecPool - Got brand-new decompressor [.gz]
[main] INFO org.apache.hadoop.io.compress.CodecPool - Got brand-new compressor [.gz]
[main] INFO org.apache.hadoop.io.compress.CodecPool - Got brand-new decompressor [.gz]
[main] INFO org.apache.hadoop.io.compress.CodecPool - Got brand-new compressor [.gz]
[main] INFO org.apache.hadoop.io.compress.CodecPool - Got brand-new decompressor [.gz]
[main] INFO org.apache.hadoop.io.compress.CodecPool - Got brand-new compressor [.gz]
[main] INFO org.apache.hadoop.io.compress.CodecPool - Got brand-new decompressor [.gz]
[main] INFO org.apache.hadoop.io.compress.CodecPool - Got brand-new compressor [.gz]
[main] INFO org.apache.hadoop.io.compress.CodecPool - Got brand-new decompressor [.gz]
[main] INFO org.apache.hadoop.io.compress.CodecPool - Got brand-new compressor [.gz]
[main] INFO org.apache.hadoop.io.compress.CodecPool - Got brand-new decompressor [.gz]
[main] INFO org.apache.hadoop.io.compress.CodecPool - Got brand-new compressor [.gz]
[main] INFO org.apache.hadoop.io.compress.CodecPool - Got brand-new decompressor [.gz]
[main] INFO org.apache.hadoop.io.compress.CodecPool - Got brand-new compressor [.gz]
[main] INFO org.apache.hadoop.io.compress.CodecPool - Got brand-new decompressor [.gz]
[main] INFO org.apache.hadoop.io.compress.CodecPool - Got brand-new compressor [.gz]
[main] INFO org.apache.hadoop.io.compress.CodecPool - Got brand-new decompressor [.gz]
[main] INFO org.apache.hadoop.io.compress.CodecPool - Got brand-new compressor [.gz]
[main] INFO org.apache.hadoop.io.compress.CodecPool - Got brand-new decompressor [.gz]
[main] INFO org.apache.hadoop.io.compress.CodecPool - Got brand-new compressor [.gz]
[main] INFO org.apache.hadoop.io.compress.CodecPool - Got brand-new decompressor [.gz]
[main] INFO org.apache.hadoop.io.compress.CodecPool - Got brand-new compressor [.gz]
[main] INFO org.apache.hadoop.io.compress.CodecPool - Got brand-new decompressor [.gz]
[main] INFO org.apache.hadoop.io.compress.CodecPool - Got brand-new compressor [.gz]
[main] INFO org.apache.hadoop.io.compress.CodecPool - Got brand-new decompressor [.gz]
[main] INFO org.apache.hadoop.io.compress.CodecPool - Got brand-new compressor [.gz]
[main] INFO org.apache.hadoop.io.compress.CodecPool - Got brand-new decompressor [.gz]
[main] INFO org.apache.hadoop.io.compress.CodecPool - Got brand-new compressor [.gz]
[main] INFO org.apache.hadoop.io.compress.CodecPool - Got brand-new decompressor [.gz]
[main] INFO org.apache.hadoop.io.compress.CodecPool - Got brand-new compressor [.gz]
[main] INFO org.apache.hadoop.io.compress.CodecPool - Got brand-new decompressor [.gz]
[main] INFO org.apache.hadoop.io.compress.CodecPool - Got brand-new compressor [.gz]
[main] INFO org.apache.hadoop.io.compress.CodecPool - Got brand-new decompressor [.gz]
[main] INFO org.apache.hadoop.io.compress.CodecPool - Got brand-new compressor [.gz]
[main] INFO org.apache.hadoop.io.compress.CodecPool - Got brand-new decompressor [.gz]
[main] INFO org.apache.hadoop.io.compress.CodecPool - Got brand-new compressor [.gz]
[main] INFO org.apache.hadoop.io.compress.CodecPool - Got brand-new decompressor [.gz]
[main] INFO org.apache.hadoop.io.compress.CodecPool - Got brand-new compressor [.gz]
[main] INFO org.apache.hadoop.io.compress.CodecPool - Got brand-new decompressor [.gz]
[main] INFO org.apache.hadoop.io.compress.CodecPool - Got brand-new compressor [.gz]
[main] INFO org.apache.hadoop.io.compress.CodecPool - Got brand-new decompressor [.gz]
[main] INFO org.apache.hadoop.io.compress.CodecPool - Got brand-new compressor [.gz]
[main] INFO org.apache.hadoop.io.compress.CodecPool - Got brand-new decompressor [.gz]
[main] INFO org.apache.hadoop.io.compress.CodecPool - Got brand-new compressor [.gz]
[main] INFO org.apache.hadoop.io.compress.CodecPool - Got brand-new decompressor [.gz]
[main] INFO org.apache.hadoop.io.compress.CodecPool - Got brand-new compressor [.gz]
[main] INFO org.apache.iceberg.benchmark.remapping.RemappingBenchmarkRunner - Running scenario: format=POSITION_DELETE_FILE, density=SPARSE, deletes=100000, runs=10000, strategy=SMART
[main] INFO org.apache.hadoop.io.compress.CodecPool - Got brand-new compressor [.gz]
[main] INFO org.apache.hadoop.io.compress.CodecPool - Got brand-new decompressor [.gz]
[main] INFO org.apache.hadoop.io.compress.CodecPool - Got brand-new compressor [.gz]
[main] INFO org.apache.hadoop.io.compress.CodecPool - Got brand-new decompressor [.gz]
[main] INFO org.apache.hadoop.io.compress.CodecPool - Got brand-new compressor [.gz]
[main] INFO org.apache.hadoop.io.compress.CodecPool - Got brand-new decompressor [.gz]
[main] INFO org.apache.hadoop.io.compress.CodecPool - Got brand-new compressor [.gz]
[main] INFO org.apache.hadoop.io.compress.CodecPool - Got brand-new decompressor [.gz]
[main] INFO org.apache.hadoop.io.compress.CodecPool - Got brand-new compressor [.gz]
[main] INFO org.apache.hadoop.io.compress.CodecPool - Got brand-new decompressor [.gz]
[main] INFO org.apache.hadoop.io.compress.CodecPool - Got brand-new compressor [.gz]
[main] INFO org.apache.hadoop.io.compress.CodecPool - Got brand-new decompressor [.gz]
[main] INFO org.apache.hadoop.io.compress.CodecPool - Got brand-new compressor [.gz]
[main] INFO org.apache.hadoop.io.compress.CodecPool - Got brand-new decompressor [.gz]
[main] INFO org.apache.hadoop.io.compress.CodecPool - Got brand-new compressor [.gz]
[main] INFO org.apache.hadoop.io.compress.CodecPool - Got brand-new decompressor [.gz]
[main] INFO org.apache.hadoop.io.compress.CodecPool - Got brand-new compressor [.gz]
[main] INFO org.apache.hadoop.io.compress.CodecPool - Got brand-new decompressor [.gz]
[main] INFO org.apache.hadoop.io.compress.CodecPool - Got brand-new compressor [.gz]
[main] INFO org.apache.hadoop.io.compress.CodecPool - Got brand-new decompressor [.gz]
[main] INFO org.apache.hadoop.io.compress.CodecPool - Got brand-new compressor [.gz]
[main] INFO org.apache.hadoop.io.compress.CodecPool - Got brand-new decompressor [.gz]
[main] INFO org.apache.hadoop.io.compress.CodecPool - Got brand-new compressor [.gz]
[main] INFO org.apache.hadoop.io.compress.CodecPool - Got brand-new decompressor [.gz]
[main] INFO org.apache.hadoop.io.compress.CodecPool - Got brand-new compressor [.gz]
[main] INFO org.apache.hadoop.io.compress.CodecPool - Got brand-new decompressor [.gz]
[main] INFO org.apache.hadoop.io.compress.CodecPool - Got brand-new compressor [.gz]
[main] INFO org.apache.hadoop.io.compress.CodecPool - Got brand-new decompressor [.gz]
[main] INFO org.apache.hadoop.io.compress.CodecPool - Got brand-new compressor [.gz]
[main] INFO org.apache.hadoop.io.compress.CodecPool - Got brand-new decompressor [.gz]
[main] INFO org.apache.hadoop.io.compress.CodecPool - Got brand-new compressor [.gz]
[main] INFO org.apache.hadoop.io.compress.CodecPool - Got brand-new decompressor [.gz]
[main] INFO org.apache.hadoop.io.compress.CodecPool - Got brand-new compressor [.gz]
[main] INFO org.apache.hadoop.io.compress.CodecPool - Got brand-new decompressor [.gz]
[main] INFO org.apache.hadoop.io.compress.CodecPool - Got brand-new compressor [.gz]
[main] INFO org.apache.hadoop.io.compress.CodecPool - Got brand-new decompressor [.gz]
[main] INFO org.apache.hadoop.io.compress.CodecPool - Got brand-new compressor [.gz]
[main] INFO org.apache.hadoop.io.compress.CodecPool - Got brand-new decompressor [.gz]
[main] INFO org.apache.hadoop.io.compress.CodecPool - Got brand-new compressor [.gz]
[main] INFO org.apache.hadoop.io.compress.CodecPool - Got brand-new decompressor [.gz]
[main] INFO org.apache.hadoop.io.compress.CodecPool - Got brand-new compressor [.gz]
[main] INFO org.apache.hadoop.io.compress.CodecPool - Got brand-new decompressor [.gz]
[main] INFO org.apache.hadoop.io.compress.CodecPool - Got brand-new compressor [.gz]
[main] INFO org.apache.hadoop.io.compress.CodecPool - Got brand-new decompressor [.gz]
[main] INFO org.apache.hadoop.io.compress.CodecPool - Got brand-new compressor [.gz]
[main] INFO org.apache.hadoop.io.compress.CodecPool - Got brand-new decompressor [.gz]
[main] INFO org.apache.hadoop.io.compress.CodecPool - Got brand-new compressor [.gz]
[main] INFO org.apache.hadoop.io.compress.CodecPool - Got brand-new decompressor [.gz]
[main] INFO org.apache.hadoop.io.compress.CodecPool - Got brand-new compressor [.gz]
[main] INFO org.apache.hadoop.io.compress.CodecPool - Got brand-new decompressor [.gz]
[main] INFO org.apache.hadoop.io.compress.CodecPool - Got brand-new compressor [.gz]
[main] INFO org.apache.iceberg.benchmark.remapping.RemappingBenchmarkRunner - Running scenario: format=POSITION_DELETE_FILE, density=SPARSE, deletes=1000000, runs=10, strategy=SMART
[main] INFO org.apache.hadoop.io.compress.CodecPool - Got brand-new compressor [.gz]
[main] INFO org.apache.hadoop.io.compress.CodecPool - Got brand-new decompressor [.gz]
[main] INFO org.apache.hadoop.io.compress.CodecPool - Got brand-new compressor [.gz]
[main] INFO org.apache.hadoop.io.compress.CodecPool - Got brand-new decompressor [.gz]
[main] INFO org.apache.hadoop.io.compress.CodecPool - Got brand-new compressor [.gz]
[main] INFO org.apache.hadoop.io.compress.CodecPool - Got brand-new decompressor [.gz]
[main] INFO org.apache.hadoop.io.compress.CodecPool - Got brand-new compressor [.gz]
[main] INFO org.apache.hadoop.io.compress.CodecPool - Got brand-new decompressor [.gz]
[main] INFO org.apache.hadoop.io.compress.CodecPool - Got brand-new compressor [.gz]
[main] INFO org.apache.hadoop.io.compress.CodecPool - Got brand-new decompressor [.gz]
[main] INFO org.apache.hadoop.io.compress.CodecPool - Got brand-new compressor [.gz]
[main] INFO org.apache.hadoop.io.compress.CodecPool - Got brand-new decompressor [.gz]
[main] INFO org.apache.hadoop.io.compress.CodecPool - Got brand-new compressor [.gz]
[main] INFO org.apache.hadoop.io.compress.CodecPool - Got brand-new decompressor [.gz]
[main] INFO org.apache.hadoop.io.compress.CodecPool - Got brand-new compressor [.gz]
[main] INFO org.apache.hadoop.io.compress.CodecPool - Got brand-new decompressor [.gz]
[main] INFO org.apache.hadoop.io.compress.CodecPool - Got brand-new compressor [.gz]
[main] INFO org.apache.hadoop.io.compress.CodecPool - Got brand-new decompressor [.gz]
[main] INFO org.apache.hadoop.io.compress.CodecPool - Got brand-new compressor [.gz]
[main] INFO org.apache.hadoop.io.compress.CodecPool - Got brand-new decompressor [.gz]
[main] INFO org.apache.hadoop.io.compress.CodecPool - Got brand-new compressor [.gz]
[main] INFO org.apache.hadoop.io.compress.CodecPool - Got brand-new decompressor [.gz]
[main] INFO org.apache.hadoop.io.compress.CodecPool - Got brand-new compressor [.gz]
[main] INFO org.apache.hadoop.io.compress.CodecPool - Got brand-new decompressor [.gz]
[main] INFO org.apache.hadoop.io.compress.CodecPool - Got brand-new compressor [.gz]
[main] INFO org.apache.hadoop.io.compress.CodecPool - Got brand-new decompressor [.gz]
[main] INFO org.apache.hadoop.io.compress.CodecPool - Got brand-new compressor [.gz]
[main] INFO org.apache.hadoop.io.compress.CodecPool - Got brand-new decompressor [.gz]
[main] INFO org.apache.hadoop.io.compress.CodecPool - Got brand-new compressor [.gz]
[main] INFO org.apache.hadoop.io.compress.CodecPool - Got brand-new decompressor [.gz]
[main] INFO org.apache.hadoop.io.compress.CodecPool - Got brand-new compressor [.gz]
[main] INFO org.apache.hadoop.io.compress.CodecPool - Got brand-new decompressor [.gz]
[main] INFO org.apache.hadoop.io.compress.CodecPool - Got brand-new compressor [.gz]
[main] INFO org.apache.hadoop.io.compress.CodecPool - Got brand-new decompressor [.gz]
[main] INFO org.apache.hadoop.io.compress.CodecPool - Got brand-new compressor [.gz]
[main] INFO org.apache.hadoop.io.compress.CodecPool - Got brand-new decompressor [.gz]
[main] INFO org.apache.hadoop.io.compress.CodecPool - Got brand-new compressor [.gz]
[main] INFO org.apache.hadoop.io.compress.CodecPool - Got brand-new decompressor [.gz]
[main] INFO org.apache.hadoop.io.compress.CodecPool - Got brand-new compressor [.gz]
[main] INFO org.apache.hadoop.io.compress.CodecPool - Got brand-new decompressor [.gz]
[main] INFO org.apache.hadoop.io.compress.CodecPool - Got brand-new compressor [.gz]
[main] INFO org.apache.hadoop.io.compress.CodecPool - Got brand-new decompressor [.gz]
[main] INFO org.apache.hadoop.io.compress.CodecPool - Got brand-new compressor [.gz]
[main] INFO org.apache.hadoop.io.compress.CodecPool - Got brand-new decompressor [.gz]
[main] INFO org.apache.hadoop.io.compress.CodecPool - Got brand-new compressor [.gz]
[main] INFO org.apache.hadoop.io.compress.CodecPool - Got brand-new decompressor [.gz]
[main] INFO org.apache.hadoop.io.compress.CodecPool - Got brand-new compressor [.gz]
[main] INFO org.apache.hadoop.io.compress.CodecPool - Got brand-new decompressor [.gz]
[main] INFO org.apache.hadoop.io.compress.CodecPool - Got brand-new compressor [.gz]
[main] INFO org.apache.hadoop.io.compress.CodecPool - Got brand-new decompressor [.gz]
[main] INFO org.apache.hadoop.io.compress.CodecPool - Got brand-new compressor [.gz]
[main] INFO org.apache.iceberg.benchmark.remapping.RemappingBenchmarkRunner - Running scenario: format=POSITION_DELETE_FILE, density=SPARSE, deletes=1000000, runs=100, strategy=SMART
[main] INFO org.apache.hadoop.io.compress.CodecPool - Got brand-new compressor [.gz]
[main] INFO org.apache.hadoop.io.compress.CodecPool - Got brand-new decompressor [.gz]
[main] INFO org.apache.hadoop.io.compress.CodecPool - Got brand-new compressor [.gz]
[main] INFO org.apache.hadoop.io.compress.CodecPool - Got brand-new decompressor [.gz]
[main] INFO org.apache.hadoop.io.compress.CodecPool - Got brand-new compressor [.gz]
[main] INFO org.apache.hadoop.io.compress.CodecPool - Got brand-new decompressor [.gz]
[main] INFO org.apache.hadoop.io.compress.CodecPool - Got brand-new compressor [.gz]
[main] INFO org.apache.hadoop.io.compress.CodecPool - Got brand-new decompressor [.gz]
[main] INFO org.apache.hadoop.io.compress.CodecPool - Got brand-new compressor [.gz]
[main] INFO org.apache.hadoop.io.compress.CodecPool - Got brand-new decompressor [.gz]
[main] INFO org.apache.hadoop.io.compress.CodecPool - Got brand-new compressor [.gz]
[main] INFO org.apache.hadoop.io.compress.CodecPool - Got brand-new decompressor [.gz]
[main] INFO org.apache.hadoop.io.compress.CodecPool - Got brand-new compressor [.gz]
[main] INFO org.apache.hadoop.io.compress.CodecPool - Got brand-new decompressor [.gz]
[main] INFO org.apache.hadoop.io.compress.CodecPool - Got brand-new compressor [.gz]
[main] INFO org.apache.hadoop.io.compress.CodecPool - Got brand-new decompressor [.gz]
[main] INFO org.apache.hadoop.io.compress.CodecPool - Got brand-new compressor [.gz]
[main] INFO org.apache.hadoop.io.compress.CodecPool - Got brand-new decompressor [.gz]
[main] INFO org.apache.hadoop.io.compress.CodecPool - Got brand-new compressor [.gz]
[main] INFO org.apache.hadoop.io.compress.CodecPool - Got brand-new decompressor [.gz]
[main] INFO org.apache.hadoop.io.compress.CodecPool - Got brand-new compressor [.gz]
[main] INFO org.apache.hadoop.io.compress.CodecPool - Got brand-new decompressor [.gz]
[main] INFO org.apache.hadoop.io.compress.CodecPool - Got brand-new compressor [.gz]
[main] INFO org.apache.hadoop.io.compress.CodecPool - Got brand-new decompressor [.gz]
[main] INFO org.apache.hadoop.io.compress.CodecPool - Got brand-new compressor [.gz]
[main] INFO org.apache.hadoop.io.compress.CodecPool - Got brand-new decompressor [.gz]
[main] INFO org.apache.hadoop.io.compress.CodecPool - Got brand-new compressor [.gz]
[main] INFO org.apache.hadoop.io.compress.CodecPool - Got brand-new decompressor [.gz]
[main] INFO org.apache.hadoop.io.compress.CodecPool - Got brand-new compressor [.gz]
[main] INFO org.apache.hadoop.io.compress.CodecPool - Got brand-new decompressor [.gz]
[main] INFO org.apache.hadoop.io.compress.CodecPool - Got brand-new compressor [.gz]
[main] INFO org.apache.hadoop.io.compress.CodecPool - Got brand-new decompressor [.gz]
[main] INFO org.apache.hadoop.io.compress.CodecPool - Got brand-new compressor [.gz]
[main] INFO org.apache.hadoop.io.compress.CodecPool - Got brand-new decompressor [.gz]
[main] INFO org.apache.hadoop.io.compress.CodecPool - Got brand-new compressor [.gz]
[main] INFO org.apache.hadoop.io.compress.CodecPool - Got brand-new decompressor [.gz]
[main] INFO org.apache.hadoop.io.compress.CodecPool - Got brand-new compressor [.gz]
[main] INFO org.apache.hadoop.io.compress.CodecPool - Got brand-new decompressor [.gz]
[main] INFO org.apache.hadoop.io.compress.CodecPool - Got brand-new compressor [.gz]
[main] INFO org.apache.hadoop.io.compress.CodecPool - Got brand-new decompressor [.gz]
[main] INFO org.apache.hadoop.io.compress.CodecPool - Got brand-new compressor [.gz]
[main] INFO org.apache.hadoop.io.compress.CodecPool - Got brand-new decompressor [.gz]
[main] INFO org.apache.hadoop.io.compress.CodecPool - Got brand-new compressor [.gz]
[main] INFO org.apache.hadoop.io.compress.CodecPool - Got brand-new decompressor [.gz]
[main] INFO org.apache.hadoop.io.compress.CodecPool - Got brand-new compressor [.gz]
[main] INFO org.apache.hadoop.io.compress.CodecPool - Got brand-new decompressor [.gz]
[main] INFO org.apache.hadoop.io.compress.CodecPool - Got brand-new compressor [.gz]
[main] INFO org.apache.hadoop.io.compress.CodecPool - Got brand-new decompressor [.gz]
[main] INFO org.apache.hadoop.io.compress.CodecPool - Got brand-new compressor [.gz]
[main] INFO org.apache.hadoop.io.compress.CodecPool - Got brand-new decompressor [.gz]
[main] INFO org.apache.hadoop.io.compress.CodecPool - Got brand-new compressor [.gz]
[main] INFO org.apache.iceberg.benchmark.remapping.RemappingBenchmarkRunner - Running scenario: format=POSITION_DELETE_FILE, density=SPARSE, deletes=1000000, runs=1000, strategy=SMART
[main] INFO org.apache.hadoop.io.compress.CodecPool - Got brand-new compressor [.gz]
[main] INFO org.apache.hadoop.io.compress.CodecPool - Got brand-new decompressor [.gz]
[main] INFO org.apache.hadoop.io.compress.CodecPool - Got brand-new compressor [.gz]
[main] INFO org.apache.hadoop.io.compress.CodecPool - Got brand-new decompressor [.gz]
[main] INFO org.apache.hadoop.io.compress.CodecPool - Got brand-new compressor [.gz]
[main] INFO org.apache.hadoop.io.compress.CodecPool - Got brand-new decompressor [.gz]
[main] INFO org.apache.hadoop.io.compress.CodecPool - Got brand-new compressor [.gz]
[main] INFO org.apache.hadoop.io.compress.CodecPool - Got brand-new decompressor [.gz]
[main] INFO org.apache.hadoop.io.compress.CodecPool - Got brand-new compressor [.gz]
[main] INFO org.apache.hadoop.io.compress.CodecPool - Got brand-new decompressor [.gz]
[main] INFO org.apache.hadoop.io.compress.CodecPool - Got brand-new compressor [.gz]
[main] INFO org.apache.hadoop.io.compress.CodecPool - Got brand-new decompressor [.gz]
[main] INFO org.apache.hadoop.io.compress.CodecPool - Got brand-new compressor [.gz]
[main] INFO org.apache.hadoop.io.compress.CodecPool - Got brand-new decompressor [.gz]
[main] INFO org.apache.hadoop.io.compress.CodecPool - Got brand-new compressor [.gz]
[main] INFO org.apache.hadoop.io.compress.CodecPool - Got brand-new decompressor [.gz]
[main] INFO org.apache.hadoop.io.compress.CodecPool - Got brand-new compressor [.gz]
[main] INFO org.apache.hadoop.io.compress.CodecPool - Got brand-new decompressor [.gz]
[main] INFO org.apache.hadoop.io.compress.CodecPool - Got brand-new compressor [.gz]
[main] INFO org.apache.hadoop.io.compress.CodecPool - Got brand-new decompressor [.gz]
[main] INFO org.apache.hadoop.io.compress.CodecPool - Got brand-new compressor [.gz]
[main] INFO org.apache.hadoop.io.compress.CodecPool - Got brand-new decompressor [.gz]
[main] INFO org.apache.hadoop.io.compress.CodecPool - Got brand-new compressor [.gz]
[main] INFO org.apache.hadoop.io.compress.CodecPool - Got brand-new decompressor [.gz]
[main] INFO org.apache.hadoop.io.compress.CodecPool - Got brand-new compressor [.gz]
[main] INFO org.apache.hadoop.io.compress.CodecPool - Got brand-new decompressor [.gz]
[main] INFO org.apache.hadoop.io.compress.CodecPool - Got brand-new compressor [.gz]
[main] INFO org.apache.hadoop.io.compress.CodecPool - Got brand-new decompressor [.gz]
[main] INFO org.apache.hadoop.io.compress.CodecPool - Got brand-new compressor [.gz]
[main] INFO org.apache.hadoop.io.compress.CodecPool - Got brand-new decompressor [.gz]
[main] INFO org.apache.hadoop.io.compress.CodecPool - Got brand-new compressor [.gz]
[main] INFO org.apache.hadoop.io.compress.CodecPool - Got brand-new decompressor [.gz]
[main] INFO org.apache.hadoop.io.compress.CodecPool - Got brand-new compressor [.gz]
[main] INFO org.apache.hadoop.io.compress.CodecPool - Got brand-new decompressor [.gz]
[main] INFO org.apache.hadoop.io.compress.CodecPool - Got brand-new compressor [.gz]
[main] INFO org.apache.hadoop.io.compress.CodecPool - Got brand-new decompressor [.gz]
[main] INFO org.apache.hadoop.io.compress.CodecPool - Got brand-new compressor [.gz]
[main] INFO org.apache.hadoop.io.compress.CodecPool - Got brand-new decompressor [.gz]
[main] INFO org.apache.hadoop.io.compress.CodecPool - Got brand-new compressor [.gz]
[main] INFO org.apache.hadoop.io.compress.CodecPool - Got brand-new decompressor [.gz]
[main] INFO org.apache.hadoop.io.compress.CodecPool - Got brand-new compressor [.gz]
[main] INFO org.apache.hadoop.io.compress.CodecPool - Got brand-new decompressor [.gz]
[main] INFO org.apache.hadoop.io.compress.CodecPool - Got brand-new compressor [.gz]
[main] INFO org.apache.hadoop.io.compress.CodecPool - Got brand-new decompressor [.gz]
[main] INFO org.apache.hadoop.io.compress.CodecPool - Got brand-new compressor [.gz]
[main] INFO org.apache.hadoop.io.compress.CodecPool - Got brand-new decompressor [.gz]
[main] INFO org.apache.hadoop.io.compress.CodecPool - Got brand-new compressor [.gz]
[main] INFO org.apache.hadoop.io.compress.CodecPool - Got brand-new decompressor [.gz]
[main] INFO org.apache.hadoop.io.compress.CodecPool - Got brand-new compressor [.gz]
[main] INFO org.apache.hadoop.io.compress.CodecPool - Got brand-new decompressor [.gz]
[main] INFO org.apache.hadoop.io.compress.CodecPool - Got brand-new compressor [.gz]
[main] INFO org.apache.iceberg.benchmark.remapping.RemappingBenchmarkRunner - Running scenario: format=POSITION_DELETE_FILE, density=SPARSE, deletes=1000000, runs=10000, strategy=SMART
[main] INFO org.apache.hadoop.io.compress.CodecPool - Got brand-new compressor [.gz]
[main] INFO org.apache.hadoop.io.compress.CodecPool - Got brand-new decompressor [.gz]
[main] INFO org.apache.hadoop.io.compress.CodecPool - Got brand-new compressor [.gz]
[main] INFO org.apache.hadoop.io.compress.CodecPool - Got brand-new decompressor [.gz]
[main] INFO org.apache.hadoop.io.compress.CodecPool - Got brand-new compressor [.gz]
[main] INFO org.apache.hadoop.io.compress.CodecPool - Got brand-new decompressor [.gz]
[main] INFO org.apache.hadoop.io.compress.CodecPool - Got brand-new compressor [.gz]
[main] INFO org.apache.hadoop.io.compress.CodecPool - Got brand-new decompressor [.gz]
[main] INFO org.apache.hadoop.io.compress.CodecPool - Got brand-new compressor [.gz]
[main] INFO org.apache.hadoop.io.compress.CodecPool - Got brand-new decompressor [.gz]
[main] INFO org.apache.hadoop.io.compress.CodecPool - Got brand-new compressor [.gz]
[main] INFO org.apache.hadoop.io.compress.CodecPool - Got brand-new decompressor [.gz]
[main] INFO org.apache.hadoop.io.compress.CodecPool - Got brand-new compressor [.gz]
[main] INFO org.apache.hadoop.io.compress.CodecPool - Got brand-new decompressor [.gz]
[main] INFO org.apache.hadoop.io.compress.CodecPool - Got brand-new compressor [.gz]
[main] INFO org.apache.hadoop.io.compress.CodecPool - Got brand-new decompressor [.gz]
[main] INFO org.apache.hadoop.io.compress.CodecPool - Got brand-new compressor [.gz]
[main] INFO org.apache.hadoop.io.compress.CodecPool - Got brand-new decompressor [.gz]
[main] INFO org.apache.hadoop.io.compress.CodecPool - Got brand-new compressor [.gz]
[main] INFO org.apache.hadoop.io.compress.CodecPool - Got brand-new decompressor [.gz]
[main] INFO org.apache.hadoop.io.compress.CodecPool - Got brand-new compressor [.gz]
[main] INFO org.apache.hadoop.io.compress.CodecPool - Got brand-new decompressor [.gz]
[main] INFO org.apache.hadoop.io.compress.CodecPool - Got brand-new compressor [.gz]
[main] INFO org.apache.hadoop.io.compress.CodecPool - Got brand-new decompressor [.gz]
[main] INFO org.apache.hadoop.io.compress.CodecPool - Got brand-new compressor [.gz]
[main] INFO org.apache.hadoop.io.compress.CodecPool - Got brand-new decompressor [.gz]
[main] INFO org.apache.hadoop.io.compress.CodecPool - Got brand-new compressor [.gz]
[main] INFO org.apache.hadoop.io.compress.CodecPool - Got brand-new decompressor [.gz]
[main] INFO org.apache.hadoop.io.compress.CodecPool - Got brand-new compressor [.gz]
[main] INFO org.apache.hadoop.io.compress.CodecPool - Got brand-new decompressor [.gz]
[main] INFO org.apache.hadoop.io.compress.CodecPool - Got brand-new compressor [.gz]
[main] INFO org.apache.hadoop.io.compress.CodecPool - Got brand-new decompressor [.gz]
[main] INFO org.apache.hadoop.io.compress.CodecPool - Got brand-new compressor [.gz]
[main] INFO org.apache.hadoop.io.compress.CodecPool - Got brand-new decompressor [.gz]
[main] INFO org.apache.hadoop.io.compress.CodecPool - Got brand-new compressor [.gz]
[main] INFO org.apache.hadoop.io.compress.CodecPool - Got brand-new decompressor [.gz]
[main] INFO org.apache.hadoop.io.compress.CodecPool - Got brand-new compressor [.gz]
[main] INFO org.apache.hadoop.io.compress.CodecPool - Got brand-new decompressor [.gz]
[main] INFO org.apache.hadoop.io.compress.CodecPool - Got brand-new compressor [.gz]
[main] INFO org.apache.hadoop.io.compress.CodecPool - Got brand-new decompressor [.gz]
[main] INFO org.apache.hadoop.io.compress.CodecPool - Got brand-new compressor [.gz]
[main] INFO org.apache.hadoop.io.compress.CodecPool - Got brand-new decompressor [.gz]
[main] INFO org.apache.hadoop.io.compress.CodecPool - Got brand-new compressor [.gz]
[main] INFO org.apache.hadoop.io.compress.CodecPool - Got brand-new decompressor [.gz]
[main] INFO org.apache.hadoop.io.compress.CodecPool - Got brand-new compressor [.gz]
[main] INFO org.apache.hadoop.io.compress.CodecPool - Got brand-new decompressor [.gz]
[main] INFO org.apache.hadoop.io.compress.CodecPool - Got brand-new compressor [.gz]
[main] INFO org.apache.hadoop.io.compress.CodecPool - Got brand-new decompressor [.gz]
[main] INFO org.apache.hadoop.io.compress.CodecPool - Got brand-new compressor [.gz]
[main] INFO org.apache.hadoop.io.compress.CodecPool - Got brand-new decompressor [.gz]
[main] INFO org.apache.hadoop.io.compress.CodecPool - Got brand-new compressor [.gz]
[main] INFO org.apache.iceberg.benchmark.remapping.RemappingBenchmarkRunner - Running scenario: format=POSITION_DELETE_FILE, density=DENSE, deletes=1000, runs=10, strategy=SMART
[main] INFO org.apache.hadoop.io.compress.CodecPool - Got brand-new compressor [.gz]
[main] INFO org.apache.hadoop.io.compress.CodecPool - Got brand-new decompressor [.gz]
[main] INFO org.apache.hadoop.io.compress.CodecPool - Got brand-new compressor [.gz]
[main] INFO org.apache.hadoop.io.compress.CodecPool - Got brand-new decompressor [.gz]
[main] INFO org.apache.hadoop.io.compress.CodecPool - Got brand-new compressor [.gz]
[main] INFO org.apache.hadoop.io.compress.CodecPool - Got brand-new decompressor [.gz]
[main] INFO org.apache.hadoop.io.compress.CodecPool - Got brand-new compressor [.gz]
[main] INFO org.apache.hadoop.io.compress.CodecPool - Got brand-new decompressor [.gz]
[main] INFO org.apache.hadoop.io.compress.CodecPool - Got brand-new compressor [.gz]
[main] INFO org.apache.hadoop.io.compress.CodecPool - Got brand-new decompressor [.gz]
[main] INFO org.apache.hadoop.io.compress.CodecPool - Got brand-new compressor [.gz]
[main] INFO org.apache.hadoop.io.compress.CodecPool - Got brand-new decompressor [.gz]
[main] INFO org.apache.hadoop.io.compress.CodecPool - Got brand-new compressor [.gz]
[main] INFO org.apache.hadoop.io.compress.CodecPool - Got brand-new decompressor [.gz]
[main] INFO org.apache.hadoop.io.compress.CodecPool - Got brand-new compressor [.gz]
[main] INFO org.apache.hadoop.io.compress.CodecPool - Got brand-new decompressor [.gz]
[main] INFO org.apache.hadoop.io.compress.CodecPool - Got brand-new compressor [.gz]
[main] INFO org.apache.hadoop.io.compress.CodecPool - Got brand-new decompressor [.gz]
[main] INFO org.apache.hadoop.io.compress.CodecPool - Got brand-new compressor [.gz]
[main] INFO org.apache.hadoop.io.compress.CodecPool - Got brand-new decompressor [.gz]
[main] INFO org.apache.hadoop.io.compress.CodecPool - Got brand-new compressor [.gz]
[main] INFO org.apache.hadoop.io.compress.CodecPool - Got brand-new decompressor [.gz]
[main] INFO org.apache.hadoop.io.compress.CodecPool - Got brand-new compressor [.gz]
[main] INFO org.apache.hadoop.io.compress.CodecPool - Got brand-new decompressor [.gz]
[main] INFO org.apache.hadoop.io.compress.CodecPool - Got brand-new compressor [.gz]
[main] INFO org.apache.hadoop.io.compress.CodecPool - Got brand-new decompressor [.gz]
[main] INFO org.apache.hadoop.io.compress.CodecPool - Got brand-new compressor [.gz]
[main] INFO org.apache.hadoop.io.compress.CodecPool - Got brand-new decompressor [.gz]
[main] INFO org.apache.hadoop.io.compress.CodecPool - Got brand-new compressor [.gz]
[main] INFO org.apache.hadoop.io.compress.CodecPool - Got brand-new decompressor [.gz]
[main] INFO org.apache.hadoop.io.compress.CodecPool - Got brand-new compressor [.gz]
[main] INFO org.apache.hadoop.io.compress.CodecPool - Got brand-new decompressor [.gz]
[main] INFO org.apache.hadoop.io.compress.CodecPool - Got brand-new compressor [.gz]
[main] INFO org.apache.hadoop.io.compress.CodecPool - Got brand-new decompressor [.gz]
[main] INFO org.apache.hadoop.io.compress.CodecPool - Got brand-new compressor [.gz]
[main] INFO org.apache.hadoop.io.compress.CodecPool - Got brand-new decompressor [.gz]
[main] INFO org.apache.hadoop.io.compress.CodecPool - Got brand-new compressor [.gz]
[main] INFO org.apache.hadoop.io.compress.CodecPool - Got brand-new decompressor [.gz]
[main] INFO org.apache.hadoop.io.compress.CodecPool - Got brand-new compressor [.gz]
[main] INFO org.apache.hadoop.io.compress.CodecPool - Got brand-new decompressor [.gz]
[main] INFO org.apache.hadoop.io.compress.CodecPool - Got brand-new compressor [.gz]
[main] INFO org.apache.hadoop.io.compress.CodecPool - Got brand-new decompressor [.gz]
[main] INFO org.apache.hadoop.io.compress.CodecPool - Got brand-new compressor [.gz]
[main] INFO org.apache.hadoop.io.compress.CodecPool - Got brand-new decompressor [.gz]
[main] INFO org.apache.hadoop.io.compress.CodecPool - Got brand-new compressor [.gz]
[main] INFO org.apache.hadoop.io.compress.CodecPool - Got brand-new decompressor [.gz]
[main] INFO org.apache.hadoop.io.compress.CodecPool - Got brand-new compressor [.gz]
[main] INFO org.apache.hadoop.io.compress.CodecPool - Got brand-new decompressor [.gz]
[main] INFO org.apache.hadoop.io.compress.CodecPool - Got brand-new compressor [.gz]
[main] INFO org.apache.hadoop.io.compress.CodecPool - Got brand-new decompressor [.gz]
[main] INFO org.apache.hadoop.io.compress.CodecPool - Got brand-new compressor [.gz]
[main] INFO org.apache.iceberg.benchmark.remapping.RemappingBenchmarkRunner - Running scenario: format=POSITION_DELETE_FILE, density=DENSE, deletes=1000, runs=100, strategy=SMART
[main] INFO org.apache.hadoop.io.compress.CodecPool - Got brand-new compressor [.gz]
[main] INFO org.apache.hadoop.io.compress.CodecPool - Got brand-new decompressor [.gz]
[main] INFO org.apache.hadoop.io.compress.CodecPool - Got brand-new compressor [.gz]
[main] INFO org.apache.hadoop.io.compress.CodecPool - Got brand-new decompressor [.gz]
[main] INFO org.apache.hadoop.io.compress.CodecPool - Got brand-new compressor [.gz]
[main] INFO org.apache.hadoop.io.compress.CodecPool - Got brand-new decompressor [.gz]
[main] INFO org.apache.hadoop.io.compress.CodecPool - Got brand-new compressor [.gz]
[main] INFO org.apache.hadoop.io.compress.CodecPool - Got brand-new decompressor [.gz]
[main] INFO org.apache.hadoop.io.compress.CodecPool - Got brand-new compressor [.gz]
[main] INFO org.apache.hadoop.io.compress.CodecPool - Got brand-new decompressor [.gz]
[main] INFO org.apache.hadoop.io.compress.CodecPool - Got brand-new compressor [.gz]
[main] INFO org.apache.hadoop.io.compress.CodecPool - Got brand-new decompressor [.gz]
[main] INFO org.apache.hadoop.io.compress.CodecPool - Got brand-new compressor [.gz]
[main] INFO org.apache.hadoop.io.compress.CodecPool - Got brand-new decompressor [.gz]
[main] INFO org.apache.hadoop.io.compress.CodecPool - Got brand-new compressor [.gz]
[main] INFO org.apache.hadoop.io.compress.CodecPool - Got brand-new decompressor [.gz]
[main] INFO org.apache.hadoop.io.compress.CodecPool - Got brand-new compressor [.gz]
[main] INFO org.apache.hadoop.io.compress.CodecPool - Got brand-new decompressor [.gz]
[main] INFO org.apache.hadoop.io.compress.CodecPool - Got brand-new compressor [.gz]
[main] INFO org.apache.hadoop.io.compress.CodecPool - Got brand-new decompressor [.gz]
[main] INFO org.apache.hadoop.io.compress.CodecPool - Got brand-new compressor [.gz]
[main] INFO org.apache.hadoop.io.compress.CodecPool - Got brand-new decompressor [.gz]
[main] INFO org.apache.hadoop.io.compress.CodecPool - Got brand-new compressor [.gz]
[main] INFO org.apache.hadoop.io.compress.CodecPool - Got brand-new decompressor [.gz]
[main] INFO org.apache.hadoop.io.compress.CodecPool - Got brand-new compressor [.gz]
[main] INFO org.apache.hadoop.io.compress.CodecPool - Got brand-new decompressor [.gz]
[main] INFO org.apache.hadoop.io.compress.CodecPool - Got brand-new compressor [.gz]
[main] INFO org.apache.hadoop.io.compress.CodecPool - Got brand-new decompressor [.gz]
[main] INFO org.apache.hadoop.io.compress.CodecPool - Got brand-new compressor [.gz]
[main] INFO org.apache.hadoop.io.compress.CodecPool - Got brand-new decompressor [.gz]
[main] INFO org.apache.hadoop.io.compress.CodecPool - Got brand-new compressor [.gz]
[main] INFO org.apache.hadoop.io.compress.CodecPool - Got brand-new decompressor [.gz]
[main] INFO org.apache.hadoop.io.compress.CodecPool - Got brand-new compressor [.gz]
[main] INFO org.apache.hadoop.io.compress.CodecPool - Got brand-new decompressor [.gz]
[main] INFO org.apache.hadoop.io.compress.CodecPool - Got brand-new compressor [.gz]
[main] INFO org.apache.hadoop.io.compress.CodecPool - Got brand-new decompressor [.gz]
[main] INFO org.apache.hadoop.io.compress.CodecPool - Got brand-new compressor [.gz]
[main] INFO org.apache.hadoop.io.compress.CodecPool - Got brand-new decompressor [.gz]
[main] INFO org.apache.hadoop.io.compress.CodecPool - Got brand-new compressor [.gz]
[main] INFO org.apache.hadoop.io.compress.CodecPool - Got brand-new decompressor [.gz]
[main] INFO org.apache.hadoop.io.compress.CodecPool - Got brand-new compressor [.gz]
[main] INFO org.apache.hadoop.io.compress.CodecPool - Got brand-new decompressor [.gz]
[main] INFO org.apache.hadoop.io.compress.CodecPool - Got brand-new compressor [.gz]
[main] INFO org.apache.hadoop.io.compress.CodecPool - Got brand-new decompressor [.gz]
[main] INFO org.apache.hadoop.io.compress.CodecPool - Got brand-new compressor [.gz]
[main] INFO org.apache.hadoop.io.compress.CodecPool - Got brand-new decompressor [.gz]
[main] INFO org.apache.hadoop.io.compress.CodecPool - Got brand-new compressor [.gz]
[main] INFO org.apache.hadoop.io.compress.CodecPool - Got brand-new decompressor [.gz]
[main] INFO org.apache.hadoop.io.compress.CodecPool - Got brand-new compressor [.gz]
[main] INFO org.apache.hadoop.io.compress.CodecPool - Got brand-new decompressor [.gz]
[main] INFO org.apache.hadoop.io.compress.CodecPool - Got brand-new compressor [.gz]
[main] INFO org.apache.iceberg.benchmark.remapping.RemappingBenchmarkRunner - Running scenario: format=POSITION_DELETE_FILE, density=DENSE, deletes=1000, runs=1000, strategy=SMART
[main] INFO org.apache.hadoop.io.compress.CodecPool - Got brand-new compressor [.gz]
[main] INFO org.apache.hadoop.io.compress.CodecPool - Got brand-new decompressor [.gz]
[main] INFO org.apache.hadoop.io.compress.CodecPool - Got brand-new compressor [.gz]
[main] INFO org.apache.hadoop.io.compress.CodecPool - Got brand-new decompressor [.gz]
[main] INFO org.apache.hadoop.io.compress.CodecPool - Got brand-new compressor [.gz]
[main] INFO org.apache.hadoop.io.compress.CodecPool - Got brand-new decompressor [.gz]
[main] INFO org.apache.hadoop.io.compress.CodecPool - Got brand-new compressor [.gz]
[main] INFO org.apache.hadoop.io.compress.CodecPool - Got brand-new decompressor [.gz]
[main] INFO org.apache.hadoop.io.compress.CodecPool - Got brand-new compressor [.gz]
[main] INFO org.apache.hadoop.io.compress.CodecPool - Got brand-new decompressor [.gz]
[main] INFO org.apache.hadoop.io.compress.CodecPool - Got brand-new compressor [.gz]
[main] INFO org.apache.hadoop.io.compress.CodecPool - Got brand-new decompressor [.gz]
[main] INFO org.apache.hadoop.io.compress.CodecPool - Got brand-new compressor [.gz]
[main] INFO org.apache.hadoop.io.compress.CodecPool - Got brand-new decompressor [.gz]
[main] INFO org.apache.hadoop.io.compress.CodecPool - Got brand-new compressor [.gz]
[main] INFO org.apache.hadoop.io.compress.CodecPool - Got brand-new decompressor [.gz]
[main] INFO org.apache.hadoop.io.compress.CodecPool - Got brand-new compressor [.gz]
[main] INFO org.apache.hadoop.io.compress.CodecPool - Got brand-new decompressor [.gz]
[main] INFO org.apache.hadoop.io.compress.CodecPool - Got brand-new compressor [.gz]
[main] INFO org.apache.hadoop.io.compress.CodecPool - Got brand-new decompressor [.gz]
[main] INFO org.apache.hadoop.io.compress.CodecPool - Got brand-new compressor [.gz]
[main] INFO org.apache.hadoop.io.compress.CodecPool - Got brand-new decompressor [.gz]
[main] INFO org.apache.hadoop.io.compress.CodecPool - Got brand-new compressor [.gz]
[main] INFO org.apache.hadoop.io.compress.CodecPool - Got brand-new decompressor [.gz]
[main] INFO org.apache.hadoop.io.compress.CodecPool - Got brand-new compressor [.gz]
[main] INFO org.apache.hadoop.io.compress.CodecPool - Got brand-new decompressor [.gz]
[main] INFO org.apache.hadoop.io.compress.CodecPool - Got brand-new compressor [.gz]
[main] INFO org.apache.hadoop.io.compress.CodecPool - Got brand-new decompressor [.gz]
[main] INFO org.apache.hadoop.io.compress.CodecPool - Got brand-new compressor [.gz]
[main] INFO org.apache.hadoop.io.compress.CodecPool - Got brand-new decompressor [.gz]
[main] INFO org.apache.hadoop.io.compress.CodecPool - Got brand-new compressor [.gz]
[main] INFO org.apache.hadoop.io.compress.CodecPool - Got brand-new decompressor [.gz]
[main] INFO org.apache.hadoop.io.compress.CodecPool - Got brand-new compressor [.gz]
[main] INFO org.apache.hadoop.io.compress.CodecPool - Got brand-new decompressor [.gz]
[main] INFO org.apache.hadoop.io.compress.CodecPool - Got brand-new compressor [.gz]
[main] INFO org.apache.hadoop.io.compress.CodecPool - Got brand-new decompressor [.gz]
[main] INFO org.apache.hadoop.io.compress.CodecPool - Got brand-new compressor [.gz]
[main] INFO org.apache.hadoop.io.compress.CodecPool - Got brand-new decompressor [.gz]
[main] INFO org.apache.hadoop.io.compress.CodecPool - Got brand-new compressor [.gz]
[main] INFO org.apache.hadoop.io.compress.CodecPool - Got brand-new decompressor [.gz]
[main] INFO org.apache.hadoop.io.compress.CodecPool - Got brand-new compressor [.gz]
[main] INFO org.apache.hadoop.io.compress.CodecPool - Got brand-new decompressor [.gz]
[main] INFO org.apache.hadoop.io.compress.CodecPool - Got brand-new compressor [.gz]
[main] INFO org.apache.hadoop.io.compress.CodecPool - Got brand-new decompressor [.gz]
[main] INFO org.apache.hadoop.io.compress.CodecPool - Got brand-new compressor [.gz]
[main] INFO org.apache.hadoop.io.compress.CodecPool - Got brand-new decompressor [.gz]
[main] INFO org.apache.hadoop.io.compress.CodecPool - Got brand-new compressor [.gz]
[main] INFO org.apache.hadoop.io.compress.CodecPool - Got brand-new decompressor [.gz]
[main] INFO org.apache.hadoop.io.compress.CodecPool - Got brand-new compressor [.gz]
[main] INFO org.apache.hadoop.io.compress.CodecPool - Got brand-new decompressor [.gz]
[main] INFO org.apache.hadoop.io.compress.CodecPool - Got brand-new compressor [.gz]
[main] INFO org.apache.iceberg.benchmark.remapping.RemappingBenchmarkRunner - Running scenario: format=POSITION_DELETE_FILE, density=DENSE, deletes=1000, runs=10000, strategy=SMART
[main] INFO org.apache.hadoop.io.compress.CodecPool - Got brand-new compressor [.gz]
[main] INFO org.apache.hadoop.io.compress.CodecPool - Got brand-new decompressor [.gz]
[main] INFO org.apache.hadoop.io.compress.CodecPool - Got brand-new compressor [.gz]
[main] INFO org.apache.hadoop.io.compress.CodecPool - Got brand-new decompressor [.gz]
[main] INFO org.apache.hadoop.io.compress.CodecPool - Got brand-new compressor [.gz]
[main] INFO org.apache.hadoop.io.compress.CodecPool - Got brand-new decompressor [.gz]
[main] INFO org.apache.hadoop.io.compress.CodecPool - Got brand-new compressor [.gz]
[main] INFO org.apache.hadoop.io.compress.CodecPool - Got brand-new decompressor [.gz]
[main] INFO org.apache.hadoop.io.compress.CodecPool - Got brand-new compressor [.gz]
[main] INFO org.apache.hadoop.io.compress.CodecPool - Got brand-new decompressor [.gz]
[main] INFO org.apache.hadoop.io.compress.CodecPool - Got brand-new compressor [.gz]
[main] INFO org.apache.hadoop.io.compress.CodecPool - Got brand-new decompressor [.gz]
[main] INFO org.apache.hadoop.io.compress.CodecPool - Got brand-new compressor [.gz]
[main] INFO org.apache.hadoop.io.compress.CodecPool - Got brand-new decompressor [.gz]
[main] INFO org.apache.hadoop.io.compress.CodecPool - Got brand-new compressor [.gz]
[main] INFO org.apache.hadoop.io.compress.CodecPool - Got brand-new decompressor [.gz]
[main] INFO org.apache.hadoop.io.compress.CodecPool - Got brand-new compressor [.gz]
[main] INFO org.apache.hadoop.io.compress.CodecPool - Got brand-new decompressor [.gz]
[main] INFO org.apache.hadoop.io.compress.CodecPool - Got brand-new compressor [.gz]
[main] INFO org.apache.hadoop.io.compress.CodecPool - Got brand-new decompressor [.gz]
[main] INFO org.apache.hadoop.io.compress.CodecPool - Got brand-new compressor [.gz]
[main] INFO org.apache.hadoop.io.compress.CodecPool - Got brand-new decompressor [.gz]
[main] INFO org.apache.hadoop.io.compress.CodecPool - Got brand-new compressor [.gz]
[main] INFO org.apache.hadoop.io.compress.CodecPool - Got brand-new decompressor [.gz]
[main] INFO org.apache.hadoop.io.compress.CodecPool - Got brand-new compressor [.gz]
[main] INFO org.apache.hadoop.io.compress.CodecPool - Got brand-new decompressor [.gz]
[main] INFO org.apache.hadoop.io.compress.CodecPool - Got brand-new compressor [.gz]
[main] INFO org.apache.hadoop.io.compress.CodecPool - Got brand-new decompressor [.gz]
[main] INFO org.apache.hadoop.io.compress.CodecPool - Got brand-new compressor [.gz]
[main] INFO org.apache.hadoop.io.compress.CodecPool - Got brand-new decompressor [.gz]
[main] INFO org.apache.hadoop.io.compress.CodecPool - Got brand-new compressor [.gz]
[main] INFO org.apache.hadoop.io.compress.CodecPool - Got brand-new decompressor [.gz]
[main] INFO org.apache.hadoop.io.compress.CodecPool - Got brand-new compressor [.gz]
[main] INFO org.apache.hadoop.io.compress.CodecPool - Got brand-new decompressor [.gz]
[main] INFO org.apache.hadoop.io.compress.CodecPool - Got brand-new compressor [.gz]
[main] INFO org.apache.hadoop.io.compress.CodecPool - Got brand-new decompressor [.gz]
[main] INFO org.apache.hadoop.io.compress.CodecPool - Got brand-new compressor [.gz]
[main] INFO org.apache.hadoop.io.compress.CodecPool - Got brand-new decompressor [.gz]
[main] INFO org.apache.hadoop.io.compress.CodecPool - Got brand-new compressor [.gz]
[main] INFO org.apache.hadoop.io.compress.CodecPool - Got brand-new decompressor [.gz]
[main] INFO org.apache.hadoop.io.compress.CodecPool - Got brand-new compressor [.gz]
[main] INFO org.apache.hadoop.io.compress.CodecPool - Got brand-new decompressor [.gz]
[main] INFO org.apache.hadoop.io.compress.CodecPool - Got brand-new compressor [.gz]
[main] INFO org.apache.hadoop.io.compress.CodecPool - Got brand-new decompressor [.gz]
[main] INFO org.apache.hadoop.io.compress.CodecPool - Got brand-new compressor [.gz]
[main] INFO org.apache.hadoop.io.compress.CodecPool - Got brand-new decompressor [.gz]
[main] INFO org.apache.hadoop.io.compress.CodecPool - Got brand-new compressor [.gz]
[main] INFO org.apache.hadoop.io.compress.CodecPool - Got brand-new decompressor [.gz]
[main] INFO org.apache.hadoop.io.compress.CodecPool - Got brand-new compressor [.gz]
[main] INFO org.apache.hadoop.io.compress.CodecPool - Got brand-new decompressor [.gz]
[main] INFO org.apache.hadoop.io.compress.CodecPool - Got brand-new compressor [.gz]
[main] INFO org.apache.iceberg.benchmark.remapping.RemappingBenchmarkRunner - Running scenario: format=POSITION_DELETE_FILE, density=DENSE, deletes=10000, runs=10, strategy=SMART
[main] INFO org.apache.hadoop.io.compress.CodecPool - Got brand-new compressor [.gz]
[main] INFO org.apache.hadoop.io.compress.CodecPool - Got brand-new decompressor [.gz]
[main] INFO org.apache.hadoop.io.compress.CodecPool - Got brand-new compressor [.gz]
[main] INFO org.apache.hadoop.io.compress.CodecPool - Got brand-new decompressor [.gz]
[main] INFO org.apache.hadoop.io.compress.CodecPool - Got brand-new compressor [.gz]
[main] INFO org.apache.hadoop.io.compress.CodecPool - Got brand-new decompressor [.gz]
[main] INFO org.apache.hadoop.io.compress.CodecPool - Got brand-new compressor [.gz]
[main] INFO org.apache.hadoop.io.compress.CodecPool - Got brand-new decompressor [.gz]
[main] INFO org.apache.hadoop.io.compress.CodecPool - Got brand-new compressor [.gz]
[main] INFO org.apache.hadoop.io.compress.CodecPool - Got brand-new decompressor [.gz]
[main] INFO org.apache.hadoop.io.compress.CodecPool - Got brand-new compressor [.gz]
[main] INFO org.apache.hadoop.io.compress.CodecPool - Got brand-new decompressor [.gz]
[main] INFO org.apache.hadoop.io.compress.CodecPool - Got brand-new compressor [.gz]
[main] INFO org.apache.hadoop.io.compress.CodecPool - Got brand-new decompressor [.gz]
[main] INFO org.apache.hadoop.io.compress.CodecPool - Got brand-new compressor [.gz]
[main] INFO org.apache.hadoop.io.compress.CodecPool - Got brand-new decompressor [.gz]
[main] INFO org.apache.hadoop.io.compress.CodecPool - Got brand-new compressor [.gz]
[main] INFO org.apache.hadoop.io.compress.CodecPool - Got brand-new decompressor [.gz]
[main] INFO org.apache.hadoop.io.compress.CodecPool - Got brand-new compressor [.gz]
[main] INFO org.apache.hadoop.io.compress.CodecPool - Got brand-new decompressor [.gz]
[main] INFO org.apache.hadoop.io.compress.CodecPool - Got brand-new compressor [.gz]
[main] INFO org.apache.hadoop.io.compress.CodecPool - Got brand-new decompressor [.gz]
[main] INFO org.apache.hadoop.io.compress.CodecPool - Got brand-new compressor [.gz]
[main] INFO org.apache.hadoop.io.compress.CodecPool - Got brand-new decompressor [.gz]
[main] INFO org.apache.hadoop.io.compress.CodecPool - Got brand-new compressor [.gz]
[main] INFO org.apache.hadoop.io.compress.CodecPool - Got brand-new decompressor [.gz]
[main] INFO org.apache.hadoop.io.compress.CodecPool - Got brand-new compressor [.gz]
[main] INFO org.apache.hadoop.io.compress.CodecPool - Got brand-new decompressor [.gz]
[main] INFO org.apache.hadoop.io.compress.CodecPool - Got brand-new compressor [.gz]
[main] INFO org.apache.hadoop.io.compress.CodecPool - Got brand-new decompressor [.gz]
[main] INFO org.apache.hadoop.io.compress.CodecPool - Got brand-new compressor [.gz]
[main] INFO org.apache.hadoop.io.compress.CodecPool - Got brand-new decompressor [.gz]
[main] INFO org.apache.hadoop.io.compress.CodecPool - Got brand-new compressor [.gz]
[main] INFO org.apache.hadoop.io.compress.CodecPool - Got brand-new decompressor [.gz]
[main] INFO org.apache.hadoop.io.compress.CodecPool - Got brand-new compressor [.gz]
[main] INFO org.apache.hadoop.io.compress.CodecPool - Got brand-new decompressor [.gz]
[main] INFO org.apache.hadoop.io.compress.CodecPool - Got brand-new compressor [.gz]
[main] INFO org.apache.hadoop.io.compress.CodecPool - Got brand-new decompressor [.gz]
[main] INFO org.apache.hadoop.io.compress.CodecPool - Got brand-new compressor [.gz]
[main] INFO org.apache.hadoop.io.compress.CodecPool - Got brand-new decompressor [.gz]
[main] INFO org.apache.hadoop.io.compress.CodecPool - Got brand-new compressor [.gz]
[main] INFO org.apache.hadoop.io.compress.CodecPool - Got brand-new decompressor [.gz]
[main] INFO org.apache.hadoop.io.compress.CodecPool - Got brand-new compressor [.gz]
[main] INFO org.apache.hadoop.io.compress.CodecPool - Got brand-new decompressor [.gz]
[main] INFO org.apache.hadoop.io.compress.CodecPool - Got brand-new compressor [.gz]
[main] INFO org.apache.hadoop.io.compress.CodecPool - Got brand-new decompressor [.gz]
[main] INFO org.apache.hadoop.io.compress.CodecPool - Got brand-new compressor [.gz]
[main] INFO org.apache.hadoop.io.compress.CodecPool - Got brand-new decompressor [.gz]
[main] INFO org.apache.hadoop.io.compress.CodecPool - Got brand-new compressor [.gz]
[main] INFO org.apache.hadoop.io.compress.CodecPool - Got brand-new decompressor [.gz]
[main] INFO org.apache.hadoop.io.compress.CodecPool - Got brand-new compressor [.gz]
[main] INFO org.apache.iceberg.benchmark.remapping.RemappingBenchmarkRunner - Running scenario: format=POSITION_DELETE_FILE, density=DENSE, deletes=10000, runs=100, strategy=SMART
[main] INFO org.apache.hadoop.io.compress.CodecPool - Got brand-new compressor [.gz]
[main] INFO org.apache.hadoop.io.compress.CodecPool - Got brand-new decompressor [.gz]
[main] INFO org.apache.hadoop.io.compress.CodecPool - Got brand-new compressor [.gz]
[main] INFO org.apache.hadoop.io.compress.CodecPool - Got brand-new decompressor [.gz]
[main] INFO org.apache.hadoop.io.compress.CodecPool - Got brand-new compressor [.gz]
[main] INFO org.apache.hadoop.io.compress.CodecPool - Got brand-new decompressor [.gz]
[main] INFO org.apache.hadoop.io.compress.CodecPool - Got brand-new compressor [.gz]
[main] INFO org.apache.hadoop.io.compress.CodecPool - Got brand-new decompressor [.gz]
[main] INFO org.apache.hadoop.io.compress.CodecPool - Got brand-new compressor [.gz]
[main] INFO org.apache.hadoop.io.compress.CodecPool - Got brand-new decompressor [.gz]
[main] INFO org.apache.hadoop.io.compress.CodecPool - Got brand-new compressor [.gz]
[main] INFO org.apache.hadoop.io.compress.CodecPool - Got brand-new decompressor [.gz]
[main] INFO org.apache.hadoop.io.compress.CodecPool - Got brand-new compressor [.gz]
[main] INFO org.apache.hadoop.io.compress.CodecPool - Got brand-new decompressor [.gz]
[main] INFO org.apache.hadoop.io.compress.CodecPool - Got brand-new compressor [.gz]
[main] INFO org.apache.hadoop.io.compress.CodecPool - Got brand-new decompressor [.gz]
[main] INFO org.apache.hadoop.io.compress.CodecPool - Got brand-new compressor [.gz]
[main] INFO org.apache.hadoop.io.compress.CodecPool - Got brand-new decompressor [.gz]
[main] INFO org.apache.hadoop.io.compress.CodecPool - Got brand-new compressor [.gz]
[main] INFO org.apache.hadoop.io.compress.CodecPool - Got brand-new decompressor [.gz]
[main] INFO org.apache.hadoop.io.compress.CodecPool - Got brand-new compressor [.gz]
[main] INFO org.apache.hadoop.io.compress.CodecPool - Got brand-new decompressor [.gz]
[main] INFO org.apache.hadoop.io.compress.CodecPool - Got brand-new compressor [.gz]
[main] INFO org.apache.hadoop.io.compress.CodecPool - Got brand-new decompressor [.gz]
[main] INFO org.apache.hadoop.io.compress.CodecPool - Got brand-new compressor [.gz]
[main] INFO org.apache.hadoop.io.compress.CodecPool - Got brand-new decompressor [.gz]
[main] INFO org.apache.hadoop.io.compress.CodecPool - Got brand-new compressor [.gz]
[main] INFO org.apache.hadoop.io.compress.CodecPool - Got brand-new decompressor [.gz]
[main] INFO org.apache.hadoop.io.compress.CodecPool - Got brand-new compressor [.gz]
[main] INFO org.apache.hadoop.io.compress.CodecPool - Got brand-new decompressor [.gz]
[main] INFO org.apache.hadoop.io.compress.CodecPool - Got brand-new compressor [.gz]
[main] INFO org.apache.hadoop.io.compress.CodecPool - Got brand-new decompressor [.gz]
[main] INFO org.apache.hadoop.io.compress.CodecPool - Got brand-new compressor [.gz]
[main] INFO org.apache.hadoop.io.compress.CodecPool - Got brand-new decompressor [.gz]
[main] INFO org.apache.hadoop.io.compress.CodecPool - Got brand-new compressor [.gz]
[main] INFO org.apache.hadoop.io.compress.CodecPool - Got brand-new decompressor [.gz]
[main] INFO org.apache.hadoop.io.compress.CodecPool - Got brand-new compressor [.gz]
[main] INFO org.apache.hadoop.io.compress.CodecPool - Got brand-new decompressor [.gz]
[main] INFO org.apache.hadoop.io.compress.CodecPool - Got brand-new compressor [.gz]
[main] INFO org.apache.hadoop.io.compress.CodecPool - Got brand-new decompressor [.gz]
[main] INFO org.apache.hadoop.io.compress.CodecPool - Got brand-new compressor [.gz]
[main] INFO org.apache.hadoop.io.compress.CodecPool - Got brand-new decompressor [.gz]
[main] INFO org.apache.hadoop.io.compress.CodecPool - Got brand-new compressor [.gz]
[main] INFO org.apache.hadoop.io.compress.CodecPool - Got brand-new decompressor [.gz]
[main] INFO org.apache.hadoop.io.compress.CodecPool - Got brand-new compressor [.gz]
[main] INFO org.apache.hadoop.io.compress.CodecPool - Got brand-new decompressor [.gz]
[main] INFO org.apache.hadoop.io.compress.CodecPool - Got brand-new compressor [.gz]
[main] INFO org.apache.hadoop.io.compress.CodecPool - Got brand-new decompressor [.gz]
[main] INFO org.apache.hadoop.io.compress.CodecPool - Got brand-new compressor [.gz]
[main] INFO org.apache.hadoop.io.compress.CodecPool - Got brand-new decompressor [.gz]
[main] INFO org.apache.hadoop.io.compress.CodecPool - Got brand-new compressor [.gz]
[main] INFO org.apache.iceberg.benchmark.remapping.RemappingBenchmarkRunner - Running scenario: format=POSITION_DELETE_FILE, density=DENSE, deletes=10000, runs=1000, strategy=SMART
[main] INFO org.apache.hadoop.io.compress.CodecPool - Got brand-new compressor [.gz]
[main] INFO org.apache.hadoop.io.compress.CodecPool - Got brand-new decompressor [.gz]
[main] INFO org.apache.hadoop.io.compress.CodecPool - Got brand-new compressor [.gz]
[main] INFO org.apache.hadoop.io.compress.CodecPool - Got brand-new decompressor [.gz]
[main] INFO org.apache.hadoop.io.compress.CodecPool - Got brand-new compressor [.gz]
[main] INFO org.apache.hadoop.io.compress.CodecPool - Got brand-new decompressor [.gz]
[main] INFO org.apache.hadoop.io.compress.CodecPool - Got brand-new compressor [.gz]
[main] INFO org.apache.hadoop.io.compress.CodecPool - Got brand-new decompressor [.gz]
[main] INFO org.apache.hadoop.io.compress.CodecPool - Got brand-new compressor [.gz]
[main] INFO org.apache.hadoop.io.compress.CodecPool - Got brand-new decompressor [.gz]
[main] INFO org.apache.hadoop.io.compress.CodecPool - Got brand-new compressor [.gz]
[main] INFO org.apache.hadoop.io.compress.CodecPool - Got brand-new decompressor [.gz]
[main] INFO org.apache.hadoop.io.compress.CodecPool - Got brand-new compressor [.gz]
[main] INFO org.apache.hadoop.io.compress.CodecPool - Got brand-new decompressor [.gz]
[main] INFO org.apache.hadoop.io.compress.CodecPool - Got brand-new compressor [.gz]
[main] INFO org.apache.hadoop.io.compress.CodecPool - Got brand-new decompressor [.gz]
[main] INFO org.apache.hadoop.io.compress.CodecPool - Got brand-new compressor [.gz]
[main] INFO org.apache.hadoop.io.compress.CodecPool - Got brand-new decompressor [.gz]
[main] INFO org.apache.hadoop.io.compress.CodecPool - Got brand-new compressor [.gz]
[main] INFO org.apache.hadoop.io.compress.CodecPool - Got brand-new decompressor [.gz]
[main] INFO org.apache.hadoop.io.compress.CodecPool - Got brand-new compressor [.gz]
[main] INFO org.apache.hadoop.io.compress.CodecPool - Got brand-new decompressor [.gz]
[main] INFO org.apache.hadoop.io.compress.CodecPool - Got brand-new compressor [.gz]
[main] INFO org.apache.hadoop.io.compress.CodecPool - Got brand-new decompressor [.gz]
[main] INFO org.apache.hadoop.io.compress.CodecPool - Got brand-new compressor [.gz]
[main] INFO org.apache.hadoop.io.compress.CodecPool - Got brand-new decompressor [.gz]
[main] INFO org.apache.hadoop.io.compress.CodecPool - Got brand-new compressor [.gz]
[main] INFO org.apache.hadoop.io.compress.CodecPool - Got brand-new decompressor [.gz]
[main] INFO org.apache.hadoop.io.compress.CodecPool - Got brand-new compressor [.gz]
[main] INFO org.apache.hadoop.io.compress.CodecPool - Got brand-new decompressor [.gz]
[main] INFO org.apache.hadoop.io.compress.CodecPool - Got brand-new compressor [.gz]
[main] INFO org.apache.hadoop.io.compress.CodecPool - Got brand-new decompressor [.gz]
[main] INFO org.apache.hadoop.io.compress.CodecPool - Got brand-new compressor [.gz]
[main] INFO org.apache.hadoop.io.compress.CodecPool - Got brand-new decompressor [.gz]
[main] INFO org.apache.hadoop.io.compress.CodecPool - Got brand-new compressor [.gz]
[main] INFO org.apache.hadoop.io.compress.CodecPool - Got brand-new decompressor [.gz]
[main] INFO org.apache.hadoop.io.compress.CodecPool - Got brand-new compressor [.gz]
[main] INFO org.apache.hadoop.io.compress.CodecPool - Got brand-new decompressor [.gz]
[main] INFO org.apache.hadoop.io.compress.CodecPool - Got brand-new compressor [.gz]
[main] INFO org.apache.hadoop.io.compress.CodecPool - Got brand-new decompressor [.gz]
[main] INFO org.apache.hadoop.io.compress.CodecPool - Got brand-new compressor [.gz]
[main] INFO org.apache.hadoop.io.compress.CodecPool - Got brand-new decompressor [.gz]
[main] INFO org.apache.hadoop.io.compress.CodecPool - Got brand-new compressor [.gz]
[main] INFO org.apache.hadoop.io.compress.CodecPool - Got brand-new decompressor [.gz]
[main] INFO org.apache.hadoop.io.compress.CodecPool - Got brand-new compressor [.gz]
[main] INFO org.apache.hadoop.io.compress.CodecPool - Got brand-new decompressor [.gz]
[main] INFO org.apache.hadoop.io.compress.CodecPool - Got brand-new compressor [.gz]
[main] INFO org.apache.hadoop.io.compress.CodecPool - Got brand-new decompressor [.gz]
[main] INFO org.apache.hadoop.io.compress.CodecPool - Got brand-new compressor [.gz]
[main] INFO org.apache.hadoop.io.compress.CodecPool - Got brand-new decompressor [.gz]
[main] INFO org.apache.hadoop.io.compress.CodecPool - Got brand-new compressor [.gz]
[main] INFO org.apache.iceberg.benchmark.remapping.RemappingBenchmarkRunner - Running scenario: format=POSITION_DELETE_FILE, density=DENSE, deletes=10000, runs=10000, strategy=SMART
[main] INFO org.apache.hadoop.io.compress.CodecPool - Got brand-new compressor [.gz]
[main] INFO org.apache.hadoop.io.compress.CodecPool - Got brand-new decompressor [.gz]
[main] INFO org.apache.hadoop.io.compress.CodecPool - Got brand-new compressor [.gz]
[main] INFO org.apache.hadoop.io.compress.CodecPool - Got brand-new decompressor [.gz]
[main] INFO org.apache.hadoop.io.compress.CodecPool - Got brand-new compressor [.gz]
[main] INFO org.apache.hadoop.io.compress.CodecPool - Got brand-new decompressor [.gz]
[main] INFO org.apache.hadoop.io.compress.CodecPool - Got brand-new compressor [.gz]
[main] INFO org.apache.hadoop.io.compress.CodecPool - Got brand-new decompressor [.gz]
[main] INFO org.apache.hadoop.io.compress.CodecPool - Got brand-new compressor [.gz]
[main] INFO org.apache.hadoop.io.compress.CodecPool - Got brand-new decompressor [.gz]
[main] INFO org.apache.hadoop.io.compress.CodecPool - Got brand-new compressor [.gz]
[main] INFO org.apache.hadoop.io.compress.CodecPool - Got brand-new decompressor [.gz]
[main] INFO org.apache.hadoop.io.compress.CodecPool - Got brand-new compressor [.gz]
[main] INFO org.apache.hadoop.io.compress.CodecPool - Got brand-new decompressor [.gz]
[main] INFO org.apache.hadoop.io.compress.CodecPool - Got brand-new compressor [.gz]
[main] INFO org.apache.hadoop.io.compress.CodecPool - Got brand-new decompressor [.gz]
[main] INFO org.apache.hadoop.io.compress.CodecPool - Got brand-new compressor [.gz]
[main] INFO org.apache.hadoop.io.compress.CodecPool - Got brand-new decompressor [.gz]
[main] INFO org.apache.hadoop.io.compress.CodecPool - Got brand-new compressor [.gz]
[main] INFO org.apache.hadoop.io.compress.CodecPool - Got brand-new decompressor [.gz]
[main] INFO org.apache.hadoop.io.compress.CodecPool - Got brand-new compressor [.gz]
[main] INFO org.apache.hadoop.io.compress.CodecPool - Got brand-new decompressor [.gz]
[main] INFO org.apache.hadoop.io.compress.CodecPool - Got brand-new compressor [.gz]
[main] INFO org.apache.hadoop.io.compress.CodecPool - Got brand-new decompressor [.gz]
[main] INFO org.apache.hadoop.io.compress.CodecPool - Got brand-new compressor [.gz]
[main] INFO org.apache.hadoop.io.compress.CodecPool - Got brand-new decompressor [.gz]
[main] INFO org.apache.hadoop.io.compress.CodecPool - Got brand-new compressor [.gz]
[main] INFO org.apache.hadoop.io.compress.CodecPool - Got brand-new decompressor [.gz]
[main] INFO org.apache.hadoop.io.compress.CodecPool - Got brand-new compressor [.gz]
[main] INFO org.apache.hadoop.io.compress.CodecPool - Got brand-new decompressor [.gz]
[main] INFO org.apache.hadoop.io.compress.CodecPool - Got brand-new compressor [.gz]
[main] INFO org.apache.hadoop.io.compress.CodecPool - Got brand-new decompressor [.gz]
[main] INFO org.apache.hadoop.io.compress.CodecPool - Got brand-new compressor [.gz]
[main] INFO org.apache.hadoop.io.compress.CodecPool - Got brand-new decompressor [.gz]
[main] INFO org.apache.hadoop.io.compress.CodecPool - Got brand-new compressor [.gz]
[main] INFO org.apache.hadoop.io.compress.CodecPool - Got brand-new decompressor [.gz]
[main] INFO org.apache.hadoop.io.compress.CodecPool - Got brand-new compressor [.gz]
[main] INFO org.apache.hadoop.io.compress.CodecPool - Got brand-new decompressor [.gz]
[main] INFO org.apache.hadoop.io.compress.CodecPool - Got brand-new compressor [.gz]
[main] INFO org.apache.hadoop.io.compress.CodecPool - Got brand-new decompressor [.gz]
[main] INFO org.apache.hadoop.io.compress.CodecPool - Got brand-new compressor [.gz]
[main] INFO org.apache.hadoop.io.compress.CodecPool - Got brand-new decompressor [.gz]
[main] INFO org.apache.hadoop.io.compress.CodecPool - Got brand-new compressor [.gz]
[main] INFO org.apache.hadoop.io.compress.CodecPool - Got brand-new decompressor [.gz]
[main] INFO org.apache.hadoop.io.compress.CodecPool - Got brand-new compressor [.gz]
[main] INFO org.apache.hadoop.io.compress.CodecPool - Got brand-new decompressor [.gz]
[main] INFO org.apache.hadoop.io.compress.CodecPool - Got brand-new compressor [.gz]
[main] INFO org.apache.hadoop.io.compress.CodecPool - Got brand-new decompressor [.gz]
[main] INFO org.apache.hadoop.io.compress.CodecPool - Got brand-new compressor [.gz]
[main] INFO org.apache.hadoop.io.compress.CodecPool - Got brand-new decompressor [.gz]
[main] INFO org.apache.hadoop.io.compress.CodecPool - Got brand-new compressor [.gz]
[main] INFO org.apache.iceberg.benchmark.remapping.RemappingBenchmarkRunner - Running scenario: format=POSITION_DELETE_FILE, density=DENSE, deletes=100000, runs=10, strategy=SMART
[main] INFO org.apache.hadoop.io.compress.CodecPool - Got brand-new compressor [.gz]
[main] INFO org.apache.hadoop.io.compress.CodecPool - Got brand-new decompressor [.gz]
[main] INFO org.apache.hadoop.io.compress.CodecPool - Got brand-new compressor [.gz]
[main] INFO org.apache.hadoop.io.compress.CodecPool - Got brand-new decompressor [.gz]
[main] INFO org.apache.hadoop.io.compress.CodecPool - Got brand-new compressor [.gz]
[main] INFO org.apache.hadoop.io.compress.CodecPool - Got brand-new decompressor [.gz]
[main] INFO org.apache.hadoop.io.compress.CodecPool - Got brand-new compressor [.gz]
[main] INFO org.apache.hadoop.io.compress.CodecPool - Got brand-new decompressor [.gz]
[main] INFO org.apache.hadoop.io.compress.CodecPool - Got brand-new compressor [.gz]
[main] INFO org.apache.hadoop.io.compress.CodecPool - Got brand-new decompressor [.gz]
[main] INFO org.apache.hadoop.io.compress.CodecPool - Got brand-new compressor [.gz]
[main] INFO org.apache.hadoop.io.compress.CodecPool - Got brand-new decompressor [.gz]
[main] INFO org.apache.hadoop.io.compress.CodecPool - Got brand-new compressor [.gz]
[main] INFO org.apache.hadoop.io.compress.CodecPool - Got brand-new decompressor [.gz]
[main] INFO org.apache.hadoop.io.compress.CodecPool - Got brand-new compressor [.gz]
[main] INFO org.apache.hadoop.io.compress.CodecPool - Got brand-new decompressor [.gz]
[main] INFO org.apache.hadoop.io.compress.CodecPool - Got brand-new compressor [.gz]
[main] INFO org.apache.hadoop.io.compress.CodecPool - Got brand-new decompressor [.gz]
[main] INFO org.apache.hadoop.io.compress.CodecPool - Got brand-new compressor [.gz]
[main] INFO org.apache.hadoop.io.compress.CodecPool - Got brand-new decompressor [.gz]
[main] INFO org.apache.hadoop.io.compress.CodecPool - Got brand-new compressor [.gz]
[main] INFO org.apache.hadoop.io.compress.CodecPool - Got brand-new decompressor [.gz]
[main] INFO org.apache.hadoop.io.compress.CodecPool - Got brand-new compressor [.gz]
[main] INFO org.apache.hadoop.io.compress.CodecPool - Got brand-new decompressor [.gz]
[main] INFO org.apache.hadoop.io.compress.CodecPool - Got brand-new compressor [.gz]
[main] INFO org.apache.hadoop.io.compress.CodecPool - Got brand-new decompressor [.gz]
[main] INFO org.apache.hadoop.io.compress.CodecPool - Got brand-new compressor [.gz]
[main] INFO org.apache.hadoop.io.compress.CodecPool - Got brand-new decompressor [.gz]
[main] INFO org.apache.hadoop.io.compress.CodecPool - Got brand-new compressor [.gz]
[main] INFO org.apache.hadoop.io.compress.CodecPool - Got brand-new decompressor [.gz]
[main] INFO org.apache.hadoop.io.compress.CodecPool - Got brand-new compressor [.gz]
[main] INFO org.apache.hadoop.io.compress.CodecPool - Got brand-new decompressor [.gz]
[main] INFO org.apache.hadoop.io.compress.CodecPool - Got brand-new compressor [.gz]
[main] INFO org.apache.hadoop.io.compress.CodecPool - Got brand-new decompressor [.gz]
[main] INFO org.apache.hadoop.io.compress.CodecPool - Got brand-new compressor [.gz]
[main] INFO org.apache.hadoop.io.compress.CodecPool - Got brand-new decompressor [.gz]
[main] INFO org.apache.hadoop.io.compress.CodecPool - Got brand-new compressor [.gz]
[main] INFO org.apache.hadoop.io.compress.CodecPool - Got brand-new decompressor [.gz]
[main] INFO org.apache.hadoop.io.compress.CodecPool - Got brand-new compressor [.gz]
[main] INFO org.apache.hadoop.io.compress.CodecPool - Got brand-new decompressor [.gz]
[main] INFO org.apache.hadoop.io.compress.CodecPool - Got brand-new compressor [.gz]
[main] INFO org.apache.hadoop.io.compress.CodecPool - Got brand-new decompressor [.gz]
[main] INFO org.apache.hadoop.io.compress.CodecPool - Got brand-new compressor [.gz]
[main] INFO org.apache.hadoop.io.compress.CodecPool - Got brand-new decompressor [.gz]
[main] INFO org.apache.hadoop.io.compress.CodecPool - Got brand-new compressor [.gz]
[main] INFO org.apache.hadoop.io.compress.CodecPool - Got brand-new decompressor [.gz]
[main] INFO org.apache.hadoop.io.compress.CodecPool - Got brand-new compressor [.gz]
[main] INFO org.apache.hadoop.io.compress.CodecPool - Got brand-new decompressor [.gz]
[main] INFO org.apache.hadoop.io.compress.CodecPool - Got brand-new compressor [.gz]
[main] INFO org.apache.hadoop.io.compress.CodecPool - Got brand-new decompressor [.gz]
[main] INFO org.apache.hadoop.io.compress.CodecPool - Got brand-new compressor [.gz]
[main] INFO org.apache.iceberg.benchmark.remapping.RemappingBenchmarkRunner - Running scenario: format=POSITION_DELETE_FILE, density=DENSE, deletes=100000, runs=100, strategy=SMART
[main] INFO org.apache.hadoop.io.compress.CodecPool - Got brand-new compressor [.gz]
[main] INFO org.apache.hadoop.io.compress.CodecPool - Got brand-new decompressor [.gz]
[main] INFO org.apache.hadoop.io.compress.CodecPool - Got brand-new compressor [.gz]
[main] INFO org.apache.hadoop.io.compress.CodecPool - Got brand-new decompressor [.gz]
[main] INFO org.apache.hadoop.io.compress.CodecPool - Got brand-new compressor [.gz]
[main] INFO org.apache.hadoop.io.compress.CodecPool - Got brand-new decompressor [.gz]
[main] INFO org.apache.hadoop.io.compress.CodecPool - Got brand-new compressor [.gz]
[main] INFO org.apache.hadoop.io.compress.CodecPool - Got brand-new decompressor [.gz]
[main] INFO org.apache.hadoop.io.compress.CodecPool - Got brand-new compressor [.gz]
[main] INFO org.apache.hadoop.io.compress.CodecPool - Got brand-new decompressor [.gz]
[main] INFO org.apache.hadoop.io.compress.CodecPool - Got brand-new compressor [.gz]
[main] INFO org.apache.hadoop.io.compress.CodecPool - Got brand-new decompressor [.gz]
[main] INFO org.apache.hadoop.io.compress.CodecPool - Got brand-new compressor [.gz]
[main] INFO org.apache.hadoop.io.compress.CodecPool - Got brand-new decompressor [.gz]
[main] INFO org.apache.hadoop.io.compress.CodecPool - Got brand-new compressor [.gz]
[main] INFO org.apache.hadoop.io.compress.CodecPool - Got brand-new decompressor [.gz]
[main] INFO org.apache.hadoop.io.compress.CodecPool - Got brand-new compressor [.gz]
[main] INFO org.apache.hadoop.io.compress.CodecPool - Got brand-new decompressor [.gz]
[main] INFO org.apache.hadoop.io.compress.CodecPool - Got brand-new compressor [.gz]
[main] INFO org.apache.hadoop.io.compress.CodecPool - Got brand-new decompressor [.gz]
[main] INFO org.apache.hadoop.io.compress.CodecPool - Got brand-new compressor [.gz]
[main] INFO org.apache.hadoop.io.compress.CodecPool - Got brand-new decompressor [.gz]
[main] INFO org.apache.hadoop.io.compress.CodecPool - Got brand-new compressor [.gz]
[main] INFO org.apache.hadoop.io.compress.CodecPool - Got brand-new decompressor [.gz]
[main] INFO org.apache.hadoop.io.compress.CodecPool - Got brand-new compressor [.gz]
[main] INFO org.apache.hadoop.io.compress.CodecPool - Got brand-new decompressor [.gz]
[main] INFO org.apache.hadoop.io.compress.CodecPool - Got brand-new compressor [.gz]
[main] INFO org.apache.hadoop.io.compress.CodecPool - Got brand-new decompressor [.gz]
[main] INFO org.apache.hadoop.io.compress.CodecPool - Got brand-new compressor [.gz]
[main] INFO org.apache.hadoop.io.compress.CodecPool - Got brand-new decompressor [.gz]
[main] INFO org.apache.hadoop.io.compress.CodecPool - Got brand-new compressor [.gz]
[main] INFO org.apache.hadoop.io.compress.CodecPool - Got brand-new decompressor [.gz]
[main] INFO org.apache.hadoop.io.compress.CodecPool - Got brand-new compressor [.gz]
[main] INFO org.apache.hadoop.io.compress.CodecPool - Got brand-new decompressor [.gz]
[main] INFO org.apache.hadoop.io.compress.CodecPool - Got brand-new compressor [.gz]
[main] INFO org.apache.hadoop.io.compress.CodecPool - Got brand-new decompressor [.gz]
[main] INFO org.apache.hadoop.io.compress.CodecPool - Got brand-new compressor [.gz]
[main] INFO org.apache.hadoop.io.compress.CodecPool - Got brand-new decompressor [.gz]
[main] INFO org.apache.hadoop.io.compress.CodecPool - Got brand-new compressor [.gz]
[main] INFO org.apache.hadoop.io.compress.CodecPool - Got brand-new decompressor [.gz]
[main] INFO org.apache.hadoop.io.compress.CodecPool - Got brand-new compressor [.gz]
[main] INFO org.apache.hadoop.io.compress.CodecPool - Got brand-new decompressor [.gz]
[main] INFO org.apache.hadoop.io.compress.CodecPool - Got brand-new compressor [.gz]
[main] INFO org.apache.hadoop.io.compress.CodecPool - Got brand-new decompressor [.gz]
[main] INFO org.apache.hadoop.io.compress.CodecPool - Got brand-new compressor [.gz]
[main] INFO org.apache.hadoop.io.compress.CodecPool - Got brand-new decompressor [.gz]
[main] INFO org.apache.hadoop.io.compress.CodecPool - Got brand-new compressor [.gz]
[main] INFO org.apache.hadoop.io.compress.CodecPool - Got brand-new decompressor [.gz]
[main] INFO org.apache.hadoop.io.compress.CodecPool - Got brand-new compressor [.gz]
[main] INFO org.apache.hadoop.io.compress.CodecPool - Got brand-new decompressor [.gz]
[main] INFO org.apache.hadoop.io.compress.CodecPool - Got brand-new compressor [.gz]
[main] INFO org.apache.iceberg.benchmark.remapping.RemappingBenchmarkRunner - Running scenario: format=POSITION_DELETE_FILE, density=DENSE, deletes=100000, runs=1000, strategy=SMART
[main] INFO org.apache.hadoop.io.compress.CodecPool - Got brand-new compressor [.gz]
[main] INFO org.apache.hadoop.io.compress.CodecPool - Got brand-new decompressor [.gz]
[main] INFO org.apache.hadoop.io.compress.CodecPool - Got brand-new compressor [.gz]
[main] INFO org.apache.hadoop.io.compress.CodecPool - Got brand-new decompressor [.gz]
[main] INFO org.apache.hadoop.io.compress.CodecPool - Got brand-new compressor [.gz]
[main] INFO org.apache.hadoop.io.compress.CodecPool - Got brand-new decompressor [.gz]
[main] INFO org.apache.hadoop.io.compress.CodecPool - Got brand-new compressor [.gz]
[main] INFO org.apache.hadoop.io.compress.CodecPool - Got brand-new decompressor [.gz]
[main] INFO org.apache.hadoop.io.compress.CodecPool - Got brand-new compressor [.gz]
[main] INFO org.apache.hadoop.io.compress.CodecPool - Got brand-new decompressor [.gz]
[main] INFO org.apache.hadoop.io.compress.CodecPool - Got brand-new compressor [.gz]
[main] INFO org.apache.hadoop.io.compress.CodecPool - Got brand-new decompressor [.gz]
[main] INFO org.apache.hadoop.io.compress.CodecPool - Got brand-new compressor [.gz]
[main] INFO org.apache.hadoop.io.compress.CodecPool - Got brand-new decompressor [.gz]
[main] INFO org.apache.hadoop.io.compress.CodecPool - Got brand-new compressor [.gz]
[main] INFO org.apache.hadoop.io.compress.CodecPool - Got brand-new decompressor [.gz]
[main] INFO org.apache.hadoop.io.compress.CodecPool - Got brand-new compressor [.gz]
[main] INFO org.apache.hadoop.io.compress.CodecPool - Got brand-new decompressor [.gz]
[main] INFO org.apache.hadoop.io.compress.CodecPool - Got brand-new compressor [.gz]
[main] INFO org.apache.hadoop.io.compress.CodecPool - Got brand-new decompressor [.gz]
[main] INFO org.apache.hadoop.io.compress.CodecPool - Got brand-new compressor [.gz]
[main] INFO org.apache.hadoop.io.compress.CodecPool - Got brand-new decompressor [.gz]
[main] INFO org.apache.hadoop.io.compress.CodecPool - Got brand-new compressor [.gz]
[main] INFO org.apache.hadoop.io.compress.CodecPool - Got brand-new decompressor [.gz]
[main] INFO org.apache.hadoop.io.compress.CodecPool - Got brand-new compressor [.gz]
[main] INFO org.apache.hadoop.io.compress.CodecPool - Got brand-new decompressor [.gz]
[main] INFO org.apache.hadoop.io.compress.CodecPool - Got brand-new compressor [.gz]
[main] INFO org.apache.hadoop.io.compress.CodecPool - Got brand-new decompressor [.gz]
[main] INFO org.apache.hadoop.io.compress.CodecPool - Got brand-new compressor [.gz]
[main] INFO org.apache.hadoop.io.compress.CodecPool - Got brand-new decompressor [.gz]
[main] INFO org.apache.hadoop.io.compress.CodecPool - Got brand-new compressor [.gz]
[main] INFO org.apache.hadoop.io.compress.CodecPool - Got brand-new decompressor [.gz]
[main] INFO org.apache.hadoop.io.compress.CodecPool - Got brand-new compressor [.gz]
[main] INFO org.apache.hadoop.io.compress.CodecPool - Got brand-new decompressor [.gz]
[main] INFO org.apache.hadoop.io.compress.CodecPool - Got brand-new compressor [.gz]
[main] INFO org.apache.hadoop.io.compress.CodecPool - Got brand-new decompressor [.gz]
[main] INFO org.apache.hadoop.io.compress.CodecPool - Got brand-new compressor [.gz]
[main] INFO org.apache.hadoop.io.compress.CodecPool - Got brand-new decompressor [.gz]
[main] INFO org.apache.hadoop.io.compress.CodecPool - Got brand-new compressor [.gz]
[main] INFO org.apache.hadoop.io.compress.CodecPool - Got brand-new decompressor [.gz]
[main] INFO org.apache.hadoop.io.compress.CodecPool - Got brand-new compressor [.gz]
[main] INFO org.apache.hadoop.io.compress.CodecPool - Got brand-new decompressor [.gz]
[main] INFO org.apache.hadoop.io.compress.CodecPool - Got brand-new compressor [.gz]
[main] INFO org.apache.hadoop.io.compress.CodecPool - Got brand-new decompressor [.gz]
[main] INFO org.apache.hadoop.io.compress.CodecPool - Got brand-new compressor [.gz]
[main] INFO org.apache.hadoop.io.compress.CodecPool - Got brand-new decompressor [.gz]
[main] INFO org.apache.hadoop.io.compress.CodecPool - Got brand-new compressor [.gz]
[main] INFO org.apache.hadoop.io.compress.CodecPool - Got brand-new decompressor [.gz]
[main] INFO org.apache.hadoop.io.compress.CodecPool - Got brand-new compressor [.gz]
[main] INFO org.apache.hadoop.io.compress.CodecPool - Got brand-new decompressor [.gz]
[main] INFO org.apache.hadoop.io.compress.CodecPool - Got brand-new compressor [.gz]
[main] INFO org.apache.iceberg.benchmark.remapping.RemappingBenchmarkRunner - Running scenario: format=POSITION_DELETE_FILE, density=DENSE, deletes=100000, runs=10000, strategy=SMART
[main] INFO org.apache.hadoop.io.compress.CodecPool - Got brand-new compressor [.gz]
[main] INFO org.apache.hadoop.io.compress.CodecPool - Got brand-new decompressor [.gz]
[main] INFO org.apache.hadoop.io.compress.CodecPool - Got brand-new compressor [.gz]
[main] INFO org.apache.hadoop.io.compress.CodecPool - Got brand-new decompressor [.gz]
[main] INFO org.apache.hadoop.io.compress.CodecPool - Got brand-new compressor [.gz]
[main] INFO org.apache.hadoop.io.compress.CodecPool - Got brand-new decompressor [.gz]
[main] INFO org.apache.hadoop.io.compress.CodecPool - Got brand-new compressor [.gz]
[main] INFO org.apache.hadoop.io.compress.CodecPool - Got brand-new decompressor [.gz]
[main] INFO org.apache.hadoop.io.compress.CodecPool - Got brand-new compressor [.gz]
[main] INFO org.apache.hadoop.io.compress.CodecPool - Got brand-new decompressor [.gz]
[main] INFO org.apache.hadoop.io.compress.CodecPool - Got brand-new compressor [.gz]
[main] INFO org.apache.hadoop.io.compress.CodecPool - Got brand-new decompressor [.gz]
[main] INFO org.apache.hadoop.io.compress.CodecPool - Got brand-new compressor [.gz]
[main] INFO org.apache.hadoop.io.compress.CodecPool - Got brand-new decompressor [.gz]
[main] INFO org.apache.hadoop.io.compress.CodecPool - Got brand-new compressor [.gz]
[main] INFO org.apache.hadoop.io.compress.CodecPool - Got brand-new decompressor [.gz]
[main] INFO org.apache.hadoop.io.compress.CodecPool - Got brand-new compressor [.gz]
[main] INFO org.apache.hadoop.io.compress.CodecPool - Got brand-new decompressor [.gz]
[main] INFO org.apache.hadoop.io.compress.CodecPool - Got brand-new compressor [.gz]
[main] INFO org.apache.hadoop.io.compress.CodecPool - Got brand-new decompressor [.gz]
[main] INFO org.apache.hadoop.io.compress.CodecPool - Got brand-new compressor [.gz]
[main] INFO org.apache.hadoop.io.compress.CodecPool - Got brand-new decompressor [.gz]
[main] INFO org.apache.hadoop.io.compress.CodecPool - Got brand-new compressor [.gz]
[main] INFO org.apache.hadoop.io.compress.CodecPool - Got brand-new decompressor [.gz]
[main] INFO org.apache.hadoop.io.compress.CodecPool - Got brand-new compressor [.gz]
[main] INFO org.apache.hadoop.io.compress.CodecPool - Got brand-new decompressor [.gz]
[main] INFO org.apache.hadoop.io.compress.CodecPool - Got brand-new compressor [.gz]
[main] INFO org.apache.hadoop.io.compress.CodecPool - Got brand-new decompressor [.gz]
[main] INFO org.apache.hadoop.io.compress.CodecPool - Got brand-new compressor [.gz]
[main] INFO org.apache.hadoop.io.compress.CodecPool - Got brand-new decompressor [.gz]
[main] INFO org.apache.hadoop.io.compress.CodecPool - Got brand-new compressor [.gz]
[main] INFO org.apache.hadoop.io.compress.CodecPool - Got brand-new decompressor [.gz]
[main] INFO org.apache.hadoop.io.compress.CodecPool - Got brand-new compressor [.gz]
[main] INFO org.apache.hadoop.io.compress.CodecPool - Got brand-new decompressor [.gz]
[main] INFO org.apache.hadoop.io.compress.CodecPool - Got brand-new compressor [.gz]
[main] INFO org.apache.hadoop.io.compress.CodecPool - Got brand-new decompressor [.gz]
[main] INFO org.apache.hadoop.io.compress.CodecPool - Got brand-new compressor [.gz]
[main] INFO org.apache.hadoop.io.compress.CodecPool - Got brand-new decompressor [.gz]
[main] INFO org.apache.hadoop.io.compress.CodecPool - Got brand-new compressor [.gz]
[main] INFO org.apache.hadoop.io.compress.CodecPool - Got brand-new decompressor [.gz]
[main] INFO org.apache.hadoop.io.compress.CodecPool - Got brand-new compressor [.gz]
[main] INFO org.apache.hadoop.io.compress.CodecPool - Got brand-new decompressor [.gz]
[main] INFO org.apache.hadoop.io.compress.CodecPool - Got brand-new compressor [.gz]
[main] INFO org.apache.hadoop.io.compress.CodecPool - Got brand-new decompressor [.gz]
[main] INFO org.apache.hadoop.io.compress.CodecPool - Got brand-new compressor [.gz]
[main] INFO org.apache.hadoop.io.compress.CodecPool - Got brand-new decompressor [.gz]
[main] INFO org.apache.hadoop.io.compress.CodecPool - Got brand-new compressor [.gz]
[main] INFO org.apache.hadoop.io.compress.CodecPool - Got brand-new decompressor [.gz]
[main] INFO org.apache.hadoop.io.compress.CodecPool - Got brand-new compressor [.gz]
[main] INFO org.apache.hadoop.io.compress.CodecPool - Got brand-new decompressor [.gz]
[main] INFO org.apache.hadoop.io.compress.CodecPool - Got brand-new compressor [.gz]
[main] INFO org.apache.iceberg.benchmark.remapping.RemappingBenchmarkRunner - Running scenario: format=POSITION_DELETE_FILE, density=DENSE, deletes=1000000, runs=10, strategy=SMART
[main] INFO org.apache.hadoop.io.compress.CodecPool - Got brand-new compressor [.gz]
[main] INFO org.apache.hadoop.io.compress.CodecPool - Got brand-new decompressor [.gz]
[main] INFO org.apache.hadoop.io.compress.CodecPool - Got brand-new compressor [.gz]
[main] INFO org.apache.hadoop.io.compress.CodecPool - Got brand-new decompressor [.gz]
[main] INFO org.apache.hadoop.io.compress.CodecPool - Got brand-new compressor [.gz]
[main] INFO org.apache.hadoop.io.compress.CodecPool - Got brand-new decompressor [.gz]
[main] INFO org.apache.hadoop.io.compress.CodecPool - Got brand-new compressor [.gz]
[main] INFO org.apache.hadoop.io.compress.CodecPool - Got brand-new decompressor [.gz]
[main] INFO org.apache.hadoop.io.compress.CodecPool - Got brand-new compressor [.gz]
[main] INFO org.apache.hadoop.io.compress.CodecPool - Got brand-new decompressor [.gz]
[main] INFO org.apache.hadoop.io.compress.CodecPool - Got brand-new compressor [.gz]
[main] INFO org.apache.hadoop.io.compress.CodecPool - Got brand-new decompressor [.gz]
[main] INFO org.apache.hadoop.io.compress.CodecPool - Got brand-new compressor [.gz]
[main] INFO org.apache.hadoop.io.compress.CodecPool - Got brand-new decompressor [.gz]
[main] INFO org.apache.hadoop.io.compress.CodecPool - Got brand-new compressor [.gz]
[main] INFO org.apache.hadoop.io.compress.CodecPool - Got brand-new decompressor [.gz]
[main] INFO org.apache.hadoop.io.compress.CodecPool - Got brand-new compressor [.gz]
[main] INFO org.apache.hadoop.io.compress.CodecPool - Got brand-new decompressor [.gz]
[main] INFO org.apache.hadoop.io.compress.CodecPool - Got brand-new compressor [.gz]
[main] INFO org.apache.hadoop.io.compress.CodecPool - Got brand-new decompressor [.gz]
[main] INFO org.apache.hadoop.io.compress.CodecPool - Got brand-new compressor [.gz]
[main] INFO org.apache.hadoop.io.compress.CodecPool - Got brand-new decompressor [.gz]
[main] INFO org.apache.hadoop.io.compress.CodecPool - Got brand-new compressor [.gz]
[main] INFO org.apache.hadoop.io.compress.CodecPool - Got brand-new decompressor [.gz]
[main] INFO org.apache.hadoop.io.compress.CodecPool - Got brand-new compressor [.gz]
[main] INFO org.apache.hadoop.io.compress.CodecPool - Got brand-new decompressor [.gz]
[main] INFO org.apache.hadoop.io.compress.CodecPool - Got brand-new compressor [.gz]
[main] INFO org.apache.hadoop.io.compress.CodecPool - Got brand-new decompressor [.gz]
[main] INFO org.apache.hadoop.io.compress.CodecPool - Got brand-new compressor [.gz]
[main] INFO org.apache.hadoop.io.compress.CodecPool - Got brand-new decompressor [.gz]
[main] INFO org.apache.hadoop.io.compress.CodecPool - Got brand-new compressor [.gz]
[main] INFO org.apache.hadoop.io.compress.CodecPool - Got brand-new decompressor [.gz]
[main] INFO org.apache.hadoop.io.compress.CodecPool - Got brand-new compressor [.gz]
[main] INFO org.apache.hadoop.io.compress.CodecPool - Got brand-new decompressor [.gz]
[main] INFO org.apache.hadoop.io.compress.CodecPool - Got brand-new compressor [.gz]
[main] INFO org.apache.hadoop.io.compress.CodecPool - Got brand-new decompressor [.gz]
[main] INFO org.apache.hadoop.io.compress.CodecPool - Got brand-new compressor [.gz]
[main] INFO org.apache.hadoop.io.compress.CodecPool - Got brand-new decompressor [.gz]
[main] INFO org.apache.hadoop.io.compress.CodecPool - Got brand-new compressor [.gz]
[main] INFO org.apache.hadoop.io.compress.CodecPool - Got brand-new decompressor [.gz]
[main] INFO org.apache.hadoop.io.compress.CodecPool - Got brand-new compressor [.gz]
[main] INFO org.apache.hadoop.io.compress.CodecPool - Got brand-new decompressor [.gz]
[main] INFO org.apache.hadoop.io.compress.CodecPool - Got brand-new compressor [.gz]
[main] INFO org.apache.hadoop.io.compress.CodecPool - Got brand-new decompressor [.gz]
[main] INFO org.apache.hadoop.io.compress.CodecPool - Got brand-new compressor [.gz]
[main] INFO org.apache.hadoop.io.compress.CodecPool - Got brand-new decompressor [.gz]
[main] INFO org.apache.hadoop.io.compress.CodecPool - Got brand-new compressor [.gz]
[main] INFO org.apache.hadoop.io.compress.CodecPool - Got brand-new decompressor [.gz]
[main] INFO org.apache.hadoop.io.compress.CodecPool - Got brand-new compressor [.gz]
[main] INFO org.apache.hadoop.io.compress.CodecPool - Got brand-new decompressor [.gz]
[main] INFO org.apache.hadoop.io.compress.CodecPool - Got brand-new compressor [.gz]
[main] INFO org.apache.iceberg.benchmark.remapping.RemappingBenchmarkRunner - Running scenario: format=POSITION_DELETE_FILE, density=DENSE, deletes=1000000, runs=100, strategy=SMART
[main] INFO org.apache.hadoop.io.compress.CodecPool - Got brand-new compressor [.gz]
[main] INFO org.apache.hadoop.io.compress.CodecPool - Got brand-new decompressor [.gz]
[main] INFO org.apache.hadoop.io.compress.CodecPool - Got brand-new compressor [.gz]
[main] INFO org.apache.hadoop.io.compress.CodecPool - Got brand-new decompressor [.gz]
[main] INFO org.apache.hadoop.io.compress.CodecPool - Got brand-new compressor [.gz]
[main] INFO org.apache.hadoop.io.compress.CodecPool - Got brand-new decompressor [.gz]
[main] INFO org.apache.hadoop.io.compress.CodecPool - Got brand-new compressor [.gz]
[main] INFO org.apache.hadoop.io.compress.CodecPool - Got brand-new decompressor [.gz]
[main] INFO org.apache.hadoop.io.compress.CodecPool - Got brand-new compressor [.gz]
[main] INFO org.apache.hadoop.io.compress.CodecPool - Got brand-new decompressor [.gz]
[main] INFO org.apache.hadoop.io.compress.CodecPool - Got brand-new compressor [.gz]
[main] INFO org.apache.hadoop.io.compress.CodecPool - Got brand-new decompressor [.gz]
[main] INFO org.apache.hadoop.io.compress.CodecPool - Got brand-new compressor [.gz]
[main] INFO org.apache.hadoop.io.compress.CodecPool - Got brand-new decompressor [.gz]
[main] INFO org.apache.hadoop.io.compress.CodecPool - Got brand-new compressor [.gz]
[main] INFO org.apache.hadoop.io.compress.CodecPool - Got brand-new decompressor [.gz]
[main] INFO org.apache.hadoop.io.compress.CodecPool - Got brand-new compressor [.gz]
[main] INFO org.apache.hadoop.io.compress.CodecPool - Got brand-new decompressor [.gz]
[main] INFO org.apache.hadoop.io.compress.CodecPool - Got brand-new compressor [.gz]
[main] INFO org.apache.hadoop.io.compress.CodecPool - Got brand-new decompressor [.gz]
[main] INFO org.apache.hadoop.io.compress.CodecPool - Got brand-new compressor [.gz]
[main] INFO org.apache.hadoop.io.compress.CodecPool - Got brand-new decompressor [.gz]
[main] INFO org.apache.hadoop.io.compress.CodecPool - Got brand-new compressor [.gz]
[main] INFO org.apache.hadoop.io.compress.CodecPool - Got brand-new decompressor [.gz]
[main] INFO org.apache.hadoop.io.compress.CodecPool - Got brand-new compressor [.gz]
[main] INFO org.apache.hadoop.io.compress.CodecPool - Got brand-new decompressor [.gz]
[main] INFO org.apache.hadoop.io.compress.CodecPool - Got brand-new compressor [.gz]
[main] INFO org.apache.hadoop.io.compress.CodecPool - Got brand-new decompressor [.gz]
[main] INFO org.apache.hadoop.io.compress.CodecPool - Got brand-new compressor [.gz]
[main] INFO org.apache.hadoop.io.compress.CodecPool - Got brand-new decompressor [.gz]
[main] INFO org.apache.hadoop.io.compress.CodecPool - Got brand-new compressor [.gz]
[main] INFO org.apache.hadoop.io.compress.CodecPool - Got brand-new decompressor [.gz]
[main] INFO org.apache.hadoop.io.compress.CodecPool - Got brand-new compressor [.gz]
[main] INFO org.apache.hadoop.io.compress.CodecPool - Got brand-new decompressor [.gz]
[main] INFO org.apache.hadoop.io.compress.CodecPool - Got brand-new compressor [.gz]
[main] INFO org.apache.hadoop.io.compress.CodecPool - Got brand-new decompressor [.gz]
[main] INFO org.apache.hadoop.io.compress.CodecPool - Got brand-new compressor [.gz]
[main] INFO org.apache.hadoop.io.compress.CodecPool - Got brand-new decompressor [.gz]
[main] INFO org.apache.hadoop.io.compress.CodecPool - Got brand-new compressor [.gz]
[main] INFO org.apache.hadoop.io.compress.CodecPool - Got brand-new decompressor [.gz]
[main] INFO org.apache.hadoop.io.compress.CodecPool - Got brand-new compressor [.gz]
[main] INFO org.apache.hadoop.io.compress.CodecPool - Got brand-new decompressor [.gz]
[main] INFO org.apache.hadoop.io.compress.CodecPool - Got brand-new compressor [.gz]
[main] INFO org.apache.hadoop.io.compress.CodecPool - Got brand-new decompressor [.gz]
[main] INFO org.apache.hadoop.io.compress.CodecPool - Got brand-new compressor [.gz]
[main] INFO org.apache.hadoop.io.compress.CodecPool - Got brand-new decompressor [.gz]
[main] INFO org.apache.hadoop.io.compress.CodecPool - Got brand-new compressor [.gz]
[main] INFO org.apache.hadoop.io.compress.CodecPool - Got brand-new decompressor [.gz]
[main] INFO org.apache.hadoop.io.compress.CodecPool - Got brand-new compressor [.gz]
[main] INFO org.apache.hadoop.io.compress.CodecPool - Got brand-new decompressor [.gz]
[main] INFO org.apache.hadoop.io.compress.CodecPool - Got brand-new compressor [.gz]
[main] INFO org.apache.iceberg.benchmark.remapping.RemappingBenchmarkRunner - Running scenario: format=POSITION_DELETE_FILE, density=DENSE, deletes=1000000, runs=1000, strategy=SMART
[main] INFO org.apache.hadoop.io.compress.CodecPool - Got brand-new compressor [.gz]
[main] INFO org.apache.hadoop.io.compress.CodecPool - Got brand-new decompressor [.gz]
[main] INFO org.apache.hadoop.io.compress.CodecPool - Got brand-new compressor [.gz]
[main] INFO org.apache.hadoop.io.compress.CodecPool - Got brand-new decompressor [.gz]
[main] INFO org.apache.hadoop.io.compress.CodecPool - Got brand-new compressor [.gz]
[main] INFO org.apache.hadoop.io.compress.CodecPool - Got brand-new decompressor [.gz]
[main] INFO org.apache.hadoop.io.compress.CodecPool - Got brand-new compressor [.gz]
[main] INFO org.apache.hadoop.io.compress.CodecPool - Got brand-new decompressor [.gz]
[main] INFO org.apache.hadoop.io.compress.CodecPool - Got brand-new compressor [.gz]
[main] INFO org.apache.hadoop.io.compress.CodecPool - Got brand-new decompressor [.gz]
[main] INFO org.apache.hadoop.io.compress.CodecPool - Got brand-new compressor [.gz]
[main] INFO org.apache.hadoop.io.compress.CodecPool - Got brand-new decompressor [.gz]
[main] INFO org.apache.hadoop.io.compress.CodecPool - Got brand-new compressor [.gz]
[main] INFO org.apache.hadoop.io.compress.CodecPool - Got brand-new decompressor [.gz]
[main] INFO org.apache.hadoop.io.compress.CodecPool - Got brand-new compressor [.gz]
[main] INFO org.apache.hadoop.io.compress.CodecPool - Got brand-new decompressor [.gz]
[main] INFO org.apache.hadoop.io.compress.CodecPool - Got brand-new compressor [.gz]
[main] INFO org.apache.hadoop.io.compress.CodecPool - Got brand-new decompressor [.gz]
[main] INFO org.apache.hadoop.io.compress.CodecPool - Got brand-new compressor [.gz]
[main] INFO org.apache.hadoop.io.compress.CodecPool - Got brand-new decompressor [.gz]
[main] INFO org.apache.hadoop.io.compress.CodecPool - Got brand-new compressor [.gz]
[main] INFO org.apache.hadoop.io.compress.CodecPool - Got brand-new decompressor [.gz]
[main] INFO org.apache.hadoop.io.compress.CodecPool - Got brand-new compressor [.gz]
[main] INFO org.apache.hadoop.io.compress.CodecPool - Got brand-new decompressor [.gz]
[main] INFO org.apache.hadoop.io.compress.CodecPool - Got brand-new compressor [.gz]
[main] INFO org.apache.hadoop.io.compress.CodecPool - Got brand-new decompressor [.gz]
[main] INFO org.apache.hadoop.io.compress.CodecPool - Got brand-new compressor [.gz]
[main] INFO org.apache.hadoop.io.compress.CodecPool - Got brand-new decompressor [.gz]
[main] INFO org.apache.hadoop.io.compress.CodecPool - Got brand-new compressor [.gz]
[main] INFO org.apache.hadoop.io.compress.CodecPool - Got brand-new decompressor [.gz]
[main] INFO org.apache.hadoop.io.compress.CodecPool - Got brand-new compressor [.gz]
[main] INFO org.apache.hadoop.io.compress.CodecPool - Got brand-new decompressor [.gz]
[main] INFO org.apache.hadoop.io.compress.CodecPool - Got brand-new compressor [.gz]
[main] INFO org.apache.hadoop.io.compress.CodecPool - Got brand-new decompressor [.gz]
[main] INFO org.apache.hadoop.io.compress.CodecPool - Got brand-new compressor [.gz]
[main] INFO org.apache.hadoop.io.compress.CodecPool - Got brand-new decompressor [.gz]
[main] INFO org.apache.hadoop.io.compress.CodecPool - Got brand-new compressor [.gz]
[main] INFO org.apache.hadoop.io.compress.CodecPool - Got brand-new decompressor [.gz]
[main] INFO org.apache.hadoop.io.compress.CodecPool - Got brand-new compressor [.gz]
[main] INFO org.apache.hadoop.io.compress.CodecPool - Got brand-new decompressor [.gz]
[main] INFO org.apache.hadoop.io.compress.CodecPool - Got brand-new compressor [.gz]
[main] INFO org.apache.hadoop.io.compress.CodecPool - Got brand-new decompressor [.gz]
[main] INFO org.apache.hadoop.io.compress.CodecPool - Got brand-new compressor [.gz]
[main] INFO org.apache.hadoop.io.compress.CodecPool - Got brand-new decompressor [.gz]
[main] INFO org.apache.hadoop.io.compress.CodecPool - Got brand-new compressor [.gz]
[main] INFO org.apache.hadoop.io.compress.CodecPool - Got brand-new decompressor [.gz]
[main] INFO org.apache.hadoop.io.compress.CodecPool - Got brand-new compressor [.gz]
[main] INFO org.apache.hadoop.io.compress.CodecPool - Got brand-new decompressor [.gz]
[main] INFO org.apache.hadoop.io.compress.CodecPool - Got brand-new compressor [.gz]
[main] INFO org.apache.hadoop.io.compress.CodecPool - Got brand-new decompressor [.gz]
[main] INFO org.apache.hadoop.io.compress.CodecPool - Got brand-new compressor [.gz]
[main] INFO org.apache.iceberg.benchmark.remapping.RemappingBenchmarkRunner - Running scenario: format=POSITION_DELETE_FILE, density=DENSE, deletes=1000000, runs=10000, strategy=SMART
[main] INFO org.apache.hadoop.io.compress.CodecPool - Got brand-new compressor [.gz]
[main] INFO org.apache.hadoop.io.compress.CodecPool - Got brand-new decompressor [.gz]
[main] INFO org.apache.hadoop.io.compress.CodecPool - Got brand-new compressor [.gz]
[main] INFO org.apache.hadoop.io.compress.CodecPool - Got brand-new decompressor [.gz]
[main] INFO org.apache.hadoop.io.compress.CodecPool - Got brand-new compressor [.gz]
[main] INFO org.apache.hadoop.io.compress.CodecPool - Got brand-new decompressor [.gz]
[main] INFO org.apache.hadoop.io.compress.CodecPool - Got brand-new compressor [.gz]
[main] INFO org.apache.hadoop.io.compress.CodecPool - Got brand-new decompressor [.gz]
[main] INFO org.apache.hadoop.io.compress.CodecPool - Got brand-new compressor [.gz]
[main] INFO org.apache.hadoop.io.compress.CodecPool - Got brand-new decompressor [.gz]
[main] INFO org.apache.hadoop.io.compress.CodecPool - Got brand-new compressor [.gz]
[main] INFO org.apache.hadoop.io.compress.CodecPool - Got brand-new decompressor [.gz]
[main] INFO org.apache.hadoop.io.compress.CodecPool - Got brand-new compressor [.gz]
[main] INFO org.apache.hadoop.io.compress.CodecPool - Got brand-new decompressor [.gz]
[main] INFO org.apache.hadoop.io.compress.CodecPool - Got brand-new compressor [.gz]
[main] INFO org.apache.hadoop.io.compress.CodecPool - Got brand-new decompressor [.gz]
[main] INFO org.apache.hadoop.io.compress.CodecPool - Got brand-new compressor [.gz]
[main] INFO org.apache.hadoop.io.compress.CodecPool - Got brand-new decompressor [.gz]
[main] INFO org.apache.hadoop.io.compress.CodecPool - Got brand-new compressor [.gz]
[main] INFO org.apache.hadoop.io.compress.CodecPool - Got brand-new decompressor [.gz]
[main] INFO org.apache.hadoop.io.compress.CodecPool - Got brand-new compressor [.gz]
[main] INFO org.apache.hadoop.io.compress.CodecPool - Got brand-new decompressor [.gz]
[main] INFO org.apache.hadoop.io.compress.CodecPool - Got brand-new compressor [.gz]
[main] INFO org.apache.hadoop.io.compress.CodecPool - Got brand-new decompressor [.gz]
[main] INFO org.apache.hadoop.io.compress.CodecPool - Got brand-new compressor [.gz]
[main] INFO org.apache.hadoop.io.compress.CodecPool - Got brand-new decompressor [.gz]
[main] INFO org.apache.hadoop.io.compress.CodecPool - Got brand-new compressor [.gz]
[main] INFO org.apache.hadoop.io.compress.CodecPool - Got brand-new decompressor [.gz]
[main] INFO org.apache.hadoop.io.compress.CodecPool - Got brand-new compressor [.gz]
[main] INFO org.apache.hadoop.io.compress.CodecPool - Got brand-new decompressor [.gz]
[main] INFO org.apache.hadoop.io.compress.CodecPool - Got brand-new compressor [.gz]
[main] INFO org.apache.hadoop.io.compress.CodecPool - Got brand-new decompressor [.gz]
[main] INFO org.apache.hadoop.io.compress.CodecPool - Got brand-new compressor [.gz]
[main] INFO org.apache.hadoop.io.compress.CodecPool - Got brand-new decompressor [.gz]
[main] INFO org.apache.hadoop.io.compress.CodecPool - Got brand-new compressor [.gz]
[main] INFO org.apache.hadoop.io.compress.CodecPool - Got brand-new decompressor [.gz]
[main] INFO org.apache.hadoop.io.compress.CodecPool - Got brand-new compressor [.gz]
[main] INFO org.apache.hadoop.io.compress.CodecPool - Got brand-new decompressor [.gz]
[main] INFO org.apache.hadoop.io.compress.CodecPool - Got brand-new compressor [.gz]
[main] INFO org.apache.hadoop.io.compress.CodecPool - Got brand-new decompressor [.gz]
[main] INFO org.apache.hadoop.io.compress.CodecPool - Got brand-new compressor [.gz]
[main] INFO org.apache.hadoop.io.compress.CodecPool - Got brand-new decompressor [.gz]
[main] INFO org.apache.hadoop.io.compress.CodecPool - Got brand-new compressor [.gz]
[main] INFO org.apache.hadoop.io.compress.CodecPool - Got brand-new decompressor [.gz]
[main] INFO org.apache.hadoop.io.compress.CodecPool - Got brand-new compressor [.gz]
[main] INFO org.apache.hadoop.io.compress.CodecPool - Got brand-new decompressor [.gz]
[main] INFO org.apache.hadoop.io.compress.CodecPool - Got brand-new compressor [.gz]
[main] INFO org.apache.hadoop.io.compress.CodecPool - Got brand-new decompressor [.gz]
[main] INFO org.apache.hadoop.io.compress.CodecPool - Got brand-new compressor [.gz]
[main] INFO org.apache.hadoop.io.compress.CodecPool - Got brand-new decompressor [.gz]
[main] INFO org.apache.hadoop.io.compress.CodecPool - Got brand-new compressor [.gz]
[main] INFO org.apache.iceberg.benchmark.remapping.RemappingBenchmarkRunner - Running scenario: format=DELETION_VECTOR, density=SPARSE, deletes=1000, runs=10, strategy=SMART
[main] INFO org.apache.iceberg.benchmark.remapping.RemappingBenchmarkRunner - Running scenario: format=DELETION_VECTOR, density=SPARSE, deletes=1000, runs=100, strategy=SMART
[main] INFO org.apache.iceberg.benchmark.remapping.RemappingBenchmarkRunner - Running scenario: format=DELETION_VECTOR, density=SPARSE, deletes=1000, runs=1000, strategy=SMART
[main] INFO org.apache.iceberg.benchmark.remapping.RemappingBenchmarkRunner - Running scenario: format=DELETION_VECTOR, density=SPARSE, deletes=1000, runs=10000, strategy=SMART
[main] INFO org.apache.iceberg.benchmark.remapping.RemappingBenchmarkRunner - Running scenario: format=DELETION_VECTOR, density=SPARSE, deletes=10000, runs=10, strategy=SMART
[main] INFO org.apache.iceberg.benchmark.remapping.RemappingBenchmarkRunner - Running scenario: format=DELETION_VECTOR, density=SPARSE, deletes=10000, runs=100, strategy=SMART
[main] INFO org.apache.iceberg.benchmark.remapping.RemappingBenchmarkRunner - Running scenario: format=DELETION_VECTOR, density=SPARSE, deletes=10000, runs=1000, strategy=SMART
[main] INFO org.apache.iceberg.benchmark.remapping.RemappingBenchmarkRunner - Running scenario: format=DELETION_VECTOR, density=SPARSE, deletes=10000, runs=10000, strategy=SMART
[main] INFO org.apache.iceberg.benchmark.remapping.RemappingBenchmarkRunner - Running scenario: format=DELETION_VECTOR, density=SPARSE, deletes=100000, runs=10, strategy=SMART
[main] INFO org.apache.iceberg.benchmark.remapping.RemappingBenchmarkRunner - Running scenario: format=DELETION_VECTOR, density=SPARSE, deletes=100000, runs=100, strategy=SMART
[main] INFO org.apache.iceberg.benchmark.remapping.RemappingBenchmarkRunner - Running scenario: format=DELETION_VECTOR, density=SPARSE, deletes=100000, runs=1000, strategy=SMART
[main] INFO org.apache.iceberg.benchmark.remapping.RemappingBenchmarkRunner - Running scenario: format=DELETION_VECTOR, density=SPARSE, deletes=100000, runs=10000, strategy=SMART
[main] INFO org.apache.iceberg.benchmark.remapping.RemappingBenchmarkRunner - Running scenario: format=DELETION_VECTOR, density=SPARSE, deletes=1000000, runs=10, strategy=SMART
[main] INFO org.apache.iceberg.benchmark.remapping.RemappingBenchmarkRunner - Running scenario: format=DELETION_VECTOR, density=SPARSE, deletes=1000000, runs=100, strategy=SMART
[main] INFO org.apache.iceberg.benchmark.remapping.RemappingBenchmarkRunner - Running scenario: format=DELETION_VECTOR, density=SPARSE, deletes=1000000, runs=1000, strategy=SMART
[main] INFO org.apache.iceberg.benchmark.remapping.RemappingBenchmarkRunner - Running scenario: format=DELETION_VECTOR, density=SPARSE, deletes=1000000, runs=10000, strategy=SMART
[main] INFO org.apache.iceberg.benchmark.remapping.RemappingBenchmarkRunner - Running scenario: format=DELETION_VECTOR, density=DENSE, deletes=1000, runs=10, strategy=SMART
[main] INFO org.apache.iceberg.benchmark.remapping.RemappingBenchmarkRunner - Running scenario: format=DELETION_VECTOR, density=DENSE, deletes=1000, runs=100, strategy=SMART
[main] INFO org.apache.iceberg.benchmark.remapping.RemappingBenchmarkRunner - Running scenario: format=DELETION_VECTOR, density=DENSE, deletes=1000, runs=1000, strategy=SMART
[main] INFO org.apache.iceberg.benchmark.remapping.RemappingBenchmarkRunner - Running scenario: format=DELETION_VECTOR, density=DENSE, deletes=1000, runs=10000, strategy=SMART
[main] INFO org.apache.iceberg.benchmark.remapping.RemappingBenchmarkRunner - Running scenario: format=DELETION_VECTOR, density=DENSE, deletes=10000, runs=10, strategy=SMART
[main] INFO org.apache.iceberg.benchmark.remapping.RemappingBenchmarkRunner - Running scenario: format=DELETION_VECTOR, density=DENSE, deletes=10000, runs=100, strategy=SMART
[main] INFO org.apache.iceberg.benchmark.remapping.RemappingBenchmarkRunner - Running scenario: format=DELETION_VECTOR, density=DENSE, deletes=10000, runs=1000, strategy=SMART
[main] INFO org.apache.iceberg.benchmark.remapping.RemappingBenchmarkRunner - Running scenario: format=DELETION_VECTOR, density=DENSE, deletes=10000, runs=10000, strategy=SMART
[main] INFO org.apache.iceberg.benchmark.remapping.RemappingBenchmarkRunner - Running scenario: format=DELETION_VECTOR, density=DENSE, deletes=100000, runs=10, strategy=SMART
[main] INFO org.apache.iceberg.benchmark.remapping.RemappingBenchmarkRunner - Running scenario: format=DELETION_VECTOR, density=DENSE, deletes=100000, runs=100, strategy=SMART
[main] INFO org.apache.iceberg.benchmark.remapping.RemappingBenchmarkRunner - Running scenario: format=DELETION_VECTOR, density=DENSE, deletes=100000, runs=1000, strategy=SMART
[main] INFO org.apache.iceberg.benchmark.remapping.RemappingBenchmarkRunner - Running scenario: format=DELETION_VECTOR, density=DENSE, deletes=100000, runs=10000, strategy=SMART
[main] INFO org.apache.iceberg.benchmark.remapping.RemappingBenchmarkRunner - Running scenario: format=DELETION_VECTOR, density=DENSE, deletes=1000000, runs=10, strategy=SMART
[main] INFO org.apache.iceberg.benchmark.remapping.RemappingBenchmarkRunner - Running scenario: format=DELETION_VECTOR, density=DENSE, deletes=1000000, runs=100, strategy=SMART
[main] INFO org.apache.iceberg.benchmark.remapping.RemappingBenchmarkRunner - Running scenario: format=DELETION_VECTOR, density=DENSE, deletes=1000000, runs=1000, strategy=SMART
[main] INFO org.apache.iceberg.benchmark.remapping.RemappingBenchmarkRunner - Running scenario: format=DELETION_VECTOR, density=DENSE, deletes=1000000, runs=10000, strategy=SMART
[main] INFO org.apache.iceberg.benchmark.remapping.RemappingBenchmarkRunner - Benchmark complete. 1600 results collected.
[main] INFO org.apache.iceberg.benchmark.remapping.RemappingMicrobenchmark - 
=== Benchmark Summary ===

[main] INFO org.apache.iceberg.benchmark.remapping.RemappingMicrobenchmark - --- Position Delete Files ---
[main] INFO org.apache.iceberg.benchmark.remapping.RemappingMicrobenchmark - ScenarioSummary{format=POSITION_DELETE_FILE, density=DENSE, strategy=SMART, deletes=1000000, runs=10, avgLatency=1894.32ms, p99=2104.25ms, read=24.1%, remap=2.2%, write=73.7%, throughput=529671/s}
[main] INFO org.apache.iceberg.benchmark.remapping.RemappingMicrobenchmark - ScenarioSummary{format=POSITION_DELETE_FILE, density=DENSE, strategy=SMART, deletes=1000000, runs=100, avgLatency=1938.78ms, p99=2105.41ms, read=23.5%, remap=3.4%, write=73.1%, throughput=517000/s}
[main] INFO org.apache.iceberg.benchmark.remapping.RemappingMicrobenchmark - ScenarioSummary{format=POSITION_DELETE_FILE, density=DENSE, strategy=SMART, deletes=1000000, runs=1000, avgLatency=1876.99ms, p99=2088.97ms, read=23.8%, remap=3.3%, write=73.0%, throughput=534101/s}
[main] INFO org.apache.iceberg.benchmark.remapping.RemappingMicrobenchmark - ScenarioSummary{format=POSITION_DELETE_FILE, density=DENSE, strategy=SMART, deletes=1000000, runs=10000, avgLatency=1904.36ms, p99=2137.54ms, read=22.2%, remap=3.2%, write=74.6%, throughput=526582/s}
[main] INFO org.apache.iceberg.benchmark.remapping.RemappingMicrobenchmark - ScenarioSummary{format=POSITION_DELETE_FILE, density=DENSE, strategy=SMART, deletes=100000, runs=10, avgLatency=364.45ms, p99=442.31ms, read=34.0%, remap=0.8%, write=65.2%, throughput=276482/s}
[main] INFO org.apache.iceberg.benchmark.remapping.RemappingMicrobenchmark - ScenarioSummary{format=POSITION_DELETE_FILE, density=DENSE, strategy=SMART, deletes=100000, runs=100, avgLatency=347.68ms, p99=401.47ms, read=36.5%, remap=1.8%, write=61.7%, throughput=289611/s}
[main] INFO org.apache.iceberg.benchmark.remapping.RemappingMicrobenchmark - ScenarioSummary{format=POSITION_DELETE_FILE, density=DENSE, strategy=SMART, deletes=100000, runs=1000, avgLatency=351.78ms, p99=422.65ms, read=35.4%, remap=1.8%, write=62.9%, throughput=286425/s}
[main] INFO org.apache.iceberg.benchmark.remapping.RemappingMicrobenchmark - ScenarioSummary{format=POSITION_DELETE_FILE, density=DENSE, strategy=SMART, deletes=100000, runs=10000, avgLatency=347.12ms, p99=414.83ms, read=36.5%, remap=1.8%, write=61.7%, throughput=290607/s}
[main] INFO org.apache.iceberg.benchmark.remapping.RemappingMicrobenchmark - ScenarioSummary{format=POSITION_DELETE_FILE, density=DENSE, strategy=SMART, deletes=10000, runs=10, avgLatency=168.34ms, p99=236.68ms, read=58.3%, remap=0.2%, write=41.5%, throughput=59950/s}
[main] INFO org.apache.iceberg.benchmark.remapping.RemappingMicrobenchmark - ScenarioSummary{format=POSITION_DELETE_FILE, density=DENSE, strategy=SMART, deletes=10000, runs=100, avgLatency=162.26ms, p99=202.46ms, read=57.1%, remap=0.4%, write=42.5%, throughput=61888/s}
[main] INFO org.apache.iceberg.benchmark.remapping.RemappingMicrobenchmark - ScenarioSummary{format=POSITION_DELETE_FILE, density=DENSE, strategy=SMART, deletes=10000, runs=1000, avgLatency=174.59ms, p99=258.28ms, read=55.8%, remap=0.4%, write=43.8%, throughput=58404/s}
[main] INFO org.apache.iceberg.benchmark.remapping.RemappingMicrobenchmark - ScenarioSummary{format=POSITION_DELETE_FILE, density=DENSE, strategy=SMART, deletes=10000, runs=10000, avgLatency=167.58ms, p99=196.73ms, read=56.2%, remap=0.4%, write=43.4%, throughput=59979/s}
[main] INFO org.apache.iceberg.benchmark.remapping.RemappingMicrobenchmark - ScenarioSummary{format=POSITION_DELETE_FILE, density=DENSE, strategy=SMART, deletes=1000, runs=10, avgLatency=170.79ms, p99=325.23ms, read=61.2%, remap=0.0%, write=38.8%, throughput=6022/s}
[main] INFO org.apache.iceberg.benchmark.remapping.RemappingMicrobenchmark - ScenarioSummary{format=POSITION_DELETE_FILE, density=DENSE, strategy=SMART, deletes=1000, runs=100, avgLatency=162.26ms, p99=222.21ms, read=61.6%, remap=0.0%, write=38.4%, throughput=6219/s}
[main] INFO org.apache.iceberg.benchmark.remapping.RemappingMicrobenchmark - ScenarioSummary{format=POSITION_DELETE_FILE, density=DENSE, strategy=SMART, deletes=1000, runs=1000, avgLatency=153.04ms, p99=217.48ms, read=62.4%, remap=0.0%, write=37.6%, throughput=6617/s}
[main] INFO org.apache.iceberg.benchmark.remapping.RemappingMicrobenchmark - ScenarioSummary{format=POSITION_DELETE_FILE, density=DENSE, strategy=SMART, deletes=1000, runs=10000, avgLatency=162.94ms, p99=246.55ms, read=61.9%, remap=0.1%, write=38.0%, throughput=6236/s}
[main] INFO org.apache.iceberg.benchmark.remapping.RemappingMicrobenchmark - ScenarioSummary{format=POSITION_DELETE_FILE, density=SPARSE, strategy=SMART, deletes=1000000, runs=10, avgLatency=1960.10ms, p99=2162.38ms, read=23.3%, remap=1.7%, write=75.0%, throughput=511856/s}
[main] INFO org.apache.iceberg.benchmark.remapping.RemappingMicrobenchmark - ScenarioSummary{format=POSITION_DELETE_FILE, density=SPARSE, strategy=SMART, deletes=1000000, runs=100, avgLatency=2007.86ms, p99=2403.02ms, read=23.5%, remap=3.5%, write=73.0%, throughput=500308/s}
[main] INFO org.apache.iceberg.benchmark.remapping.RemappingMicrobenchmark - ScenarioSummary{format=POSITION_DELETE_FILE, density=SPARSE, strategy=SMART, deletes=1000000, runs=1000, avgLatency=2212.34ms, p99=2359.97ms, read=21.6%, remap=2.9%, write=75.5%, throughput=452847/s}
[main] INFO org.apache.iceberg.benchmark.remapping.RemappingMicrobenchmark - ScenarioSummary{format=POSITION_DELETE_FILE, density=SPARSE, strategy=SMART, deletes=1000000, runs=10000, avgLatency=2267.58ms, p99=2370.45ms, read=22.5%, remap=2.7%, write=74.8%, throughput=441680/s}
[main] INFO org.apache.iceberg.benchmark.remapping.RemappingMicrobenchmark - ScenarioSummary{format=POSITION_DELETE_FILE, density=SPARSE, strategy=SMART, deletes=100000, runs=10, avgLatency=387.63ms, p99=621.93ms, read=35.6%, remap=0.8%, write=63.7%, throughput=263673/s}
[main] INFO org.apache.iceberg.benchmark.remapping.RemappingMicrobenchmark - ScenarioSummary{format=POSITION_DELETE_FILE, density=SPARSE, strategy=SMART, deletes=100000, runs=100, avgLatency=374.51ms, p99=472.89ms, read=34.7%, remap=1.8%, write=63.6%, throughput=268601/s}
[main] INFO org.apache.iceberg.benchmark.remapping.RemappingMicrobenchmark - ScenarioSummary{format=POSITION_DELETE_FILE, density=SPARSE, strategy=SMART, deletes=100000, runs=1000, avgLatency=378.32ms, p99=420.61ms, read=34.2%, remap=1.7%, write=64.1%, throughput=265730/s}
[main] INFO org.apache.iceberg.benchmark.remapping.RemappingMicrobenchmark - ScenarioSummary{format=POSITION_DELETE_FILE, density=SPARSE, strategy=SMART, deletes=100000, runs=10000, avgLatency=415.74ms, p99=501.80ms, read=31.5%, remap=1.5%, write=66.9%, throughput=243193/s}
[main] INFO org.apache.iceberg.benchmark.remapping.RemappingMicrobenchmark - ScenarioSummary{format=POSITION_DELETE_FILE, density=SPARSE, strategy=SMART, deletes=10000, runs=10, avgLatency=173.92ms, p99=221.76ms, read=56.3%, remap=0.2%, write=43.5%, throughput=57764/s}
[main] INFO org.apache.iceberg.benchmark.remapping.RemappingMicrobenchmark - ScenarioSummary{format=POSITION_DELETE_FILE, density=SPARSE, strategy=SMART, deletes=10000, runs=100, avgLatency=176.07ms, p99=211.58ms, read=56.3%, remap=0.4%, write=43.4%, throughput=57068/s}
[main] INFO org.apache.iceberg.benchmark.remapping.RemappingMicrobenchmark - ScenarioSummary{format=POSITION_DELETE_FILE, density=SPARSE, strategy=SMART, deletes=10000, runs=1000, avgLatency=203.55ms, p99=268.09ms, read=52.3%, remap=0.3%, write=47.4%, throughput=49569/s}
[main] INFO org.apache.iceberg.benchmark.remapping.RemappingMicrobenchmark - ScenarioSummary{format=POSITION_DELETE_FILE, density=SPARSE, strategy=SMART, deletes=10000, runs=10000, avgLatency=196.41ms, p99=235.09ms, read=54.1%, remap=0.4%, write=45.5%, throughput=51264/s}
[main] INFO org.apache.iceberg.benchmark.remapping.RemappingMicrobenchmark - ScenarioSummary{format=POSITION_DELETE_FILE, density=SPARSE, strategy=SMART, deletes=1000, runs=10, avgLatency=183.03ms, p99=216.35ms, read=61.4%, remap=0.1%, write=38.5%, throughput=5498/s}
[main] INFO org.apache.iceberg.benchmark.remapping.RemappingMicrobenchmark - ScenarioSummary{format=POSITION_DELETE_FILE, density=SPARSE, strategy=SMART, deletes=1000, runs=100, avgLatency=164.25ms, p99=218.87ms, read=61.0%, remap=0.1%, write=38.9%, throughput=6138/s}
[main] INFO org.apache.iceberg.benchmark.remapping.RemappingMicrobenchmark - ScenarioSummary{format=POSITION_DELETE_FILE, density=SPARSE, strategy=SMART, deletes=1000, runs=1000, avgLatency=171.22ms, p99=220.52ms, read=60.5%, remap=0.1%, write=39.4%, throughput=5917/s}
[main] INFO org.apache.iceberg.benchmark.remapping.RemappingMicrobenchmark - ScenarioSummary{format=POSITION_DELETE_FILE, density=SPARSE, strategy=SMART, deletes=1000, runs=10000, avgLatency=158.91ms, p99=203.35ms, read=62.0%, remap=0.1%, write=37.9%, throughput=6351/s}
[main] INFO org.apache.iceberg.benchmark.remapping.RemappingMicrobenchmark - 
--- Deletion Vectors ---
[main] INFO org.apache.iceberg.benchmark.remapping.RemappingMicrobenchmark - ScenarioSummary{format=DELETION_VECTOR, density=DENSE, strategy=SMART, deletes=1000000, runs=10, avgLatency=353.58ms, p99=526.76ms, read=24.4%, remap=27.5%, write=48.2%, throughput=2930235/s}
[main] INFO org.apache.iceberg.benchmark.remapping.RemappingMicrobenchmark - ScenarioSummary{format=DELETION_VECTOR, density=DENSE, strategy=SMART, deletes=1000000, runs=100, avgLatency=409.76ms, p99=584.74ms, read=21.3%, remap=23.9%, write=54.7%, throughput=2573840/s}
[main] INFO org.apache.iceberg.benchmark.remapping.RemappingMicrobenchmark - ScenarioSummary{format=DELETION_VECTOR, density=DENSE, strategy=SMART, deletes=1000000, runs=1000, avgLatency=324.12ms, p99=374.66ms, read=26.0%, remap=19.1%, write=54.9%, throughput=3102449/s}
[main] INFO org.apache.iceberg.benchmark.remapping.RemappingMicrobenchmark - ScenarioSummary{format=DELETION_VECTOR, density=DENSE, strategy=SMART, deletes=1000000, runs=10000, avgLatency=347.97ms, p99=393.66ms, read=27.6%, remap=17.6%, write=54.8%, throughput=2888042/s}
[main] INFO org.apache.iceberg.benchmark.remapping.RemappingMicrobenchmark - ScenarioSummary{format=DELETION_VECTOR, density=DENSE, strategy=SMART, deletes=100000, runs=10, avgLatency=201.53ms, p99=266.10ms, read=44.7%, remap=3.2%, write=52.2%, throughput=505655/s}
[main] INFO org.apache.iceberg.benchmark.remapping.RemappingMicrobenchmark - ScenarioSummary{format=DELETION_VECTOR, density=DENSE, strategy=SMART, deletes=100000, runs=100, avgLatency=213.75ms, p99=292.17ms, read=41.0%, remap=3.1%, write=56.0%, throughput=486423/s}
[main] INFO org.apache.iceberg.benchmark.remapping.RemappingMicrobenchmark - ScenarioSummary{format=DELETION_VECTOR, density=DENSE, strategy=SMART, deletes=100000, runs=1000, avgLatency=202.98ms, p99=290.31ms, read=44.5%, remap=3.1%, write=52.3%, throughput=509409/s}
[main] INFO org.apache.iceberg.benchmark.remapping.RemappingMicrobenchmark - ScenarioSummary{format=DELETION_VECTOR, density=DENSE, strategy=SMART, deletes=100000, runs=10000, avgLatency=227.69ms, p99=338.10ms, read=45.2%, remap=3.3%, write=51.6%, throughput=455210/s}
[main] INFO org.apache.iceberg.benchmark.remapping.RemappingMicrobenchmark - ScenarioSummary{format=DELETION_VECTOR, density=DENSE, strategy=SMART, deletes=10000, runs=10, avgLatency=158.34ms, p99=276.96ms, read=54.9%, remap=0.4%, write=44.7%, throughput=64967/s}
[main] INFO org.apache.iceberg.benchmark.remapping.RemappingMicrobenchmark - ScenarioSummary{format=DELETION_VECTOR, density=DENSE, strategy=SMART, deletes=10000, runs=100, avgLatency=151.88ms, p99=175.57ms, read=56.4%, remap=0.4%, write=43.2%, throughput=66309/s}
[main] INFO org.apache.iceberg.benchmark.remapping.RemappingMicrobenchmark - ScenarioSummary{format=DELETION_VECTOR, density=DENSE, strategy=SMART, deletes=10000, runs=1000, avgLatency=162.44ms, p99=207.75ms, read=55.4%, remap=0.5%, write=44.2%, throughput=62280/s}
[main] INFO org.apache.iceberg.benchmark.remapping.RemappingMicrobenchmark - ScenarioSummary{format=DELETION_VECTOR, density=DENSE, strategy=SMART, deletes=10000, runs=10000, avgLatency=170.68ms, p99=213.13ms, read=55.7%, remap=0.9%, write=43.4%, throughput=59182/s}
[main] INFO org.apache.iceberg.benchmark.remapping.RemappingMicrobenchmark - ScenarioSummary{format=DELETION_VECTOR, density=DENSE, strategy=SMART, deletes=1000, runs=10, avgLatency=164.17ms, p99=213.37ms, read=54.6%, remap=0.1%, write=45.3%, throughput=6158/s}
[main] INFO org.apache.iceberg.benchmark.remapping.RemappingMicrobenchmark - ScenarioSummary{format=DELETION_VECTOR, density=DENSE, strategy=SMART, deletes=1000, runs=100, avgLatency=167.46ms, p99=224.70ms, read=54.1%, remap=0.1%, write=45.8%, throughput=6064/s}
[main] INFO org.apache.iceberg.benchmark.remapping.RemappingMicrobenchmark - ScenarioSummary{format=DELETION_VECTOR, density=DENSE, strategy=SMART, deletes=1000, runs=1000, avgLatency=150.39ms, p99=190.07ms, read=56.7%, remap=0.1%, write=43.1%, throughput=6732/s}
[main] INFO org.apache.iceberg.benchmark.remapping.RemappingMicrobenchmark - ScenarioSummary{format=DELETION_VECTOR, density=DENSE, strategy=SMART, deletes=1000, runs=10000, avgLatency=159.60ms, p99=235.48ms, read=59.1%, remap=0.6%, write=40.4%, throughput=6360/s}
[main] INFO org.apache.iceberg.benchmark.remapping.RemappingMicrobenchmark - ScenarioSummary{format=DELETION_VECTOR, density=SPARSE, strategy=SMART, deletes=1000000, runs=10, avgLatency=466.19ms, p99=674.67ms, read=40.5%, remap=17.3%, write=42.2%, throughput=2221078/s}
[main] INFO org.apache.iceberg.benchmark.remapping.RemappingMicrobenchmark - ScenarioSummary{format=DELETION_VECTOR, density=SPARSE, strategy=SMART, deletes=1000000, runs=100, avgLatency=457.32ms, p99=753.32ms, read=42.4%, remap=13.5%, write=44.1%, throughput=2259556/s}
[main] INFO org.apache.iceberg.benchmark.remapping.RemappingMicrobenchmark - ScenarioSummary{format=DELETION_VECTOR, density=SPARSE, strategy=SMART, deletes=1000000, runs=1000, avgLatency=433.30ms, p99=508.55ms, read=43.8%, remap=14.5%, write=41.7%, throughput=2328457/s}
[main] INFO org.apache.iceberg.benchmark.remapping.RemappingMicrobenchmark - ScenarioSummary{format=DELETION_VECTOR, density=SPARSE, strategy=SMART, deletes=1000000, runs=10000, avgLatency=578.18ms, p99=688.16ms, read=45.2%, remap=15.4%, write=39.4%, throughput=1741570/s}
[main] INFO org.apache.iceberg.benchmark.remapping.RemappingMicrobenchmark - ScenarioSummary{format=DELETION_VECTOR, density=SPARSE, strategy=SMART, deletes=100000, runs=10, avgLatency=213.41ms, p99=305.37ms, read=46.2%, remap=2.6%, write=51.3%, throughput=484033/s}
[main] INFO org.apache.iceberg.benchmark.remapping.RemappingMicrobenchmark - ScenarioSummary{format=DELETION_VECTOR, density=SPARSE, strategy=SMART, deletes=100000, runs=100, avgLatency=196.88ms, p99=269.09ms, read=48.9%, remap=2.8%, write=48.3%, throughput=519064/s}
[main] INFO org.apache.iceberg.benchmark.remapping.RemappingMicrobenchmark - ScenarioSummary{format=DELETION_VECTOR, density=SPARSE, strategy=SMART, deletes=100000, runs=1000, avgLatency=228.62ms, p99=272.03ms, read=45.2%, remap=3.1%, write=51.7%, throughput=446228/s}
[main] INFO org.apache.iceberg.benchmark.remapping.RemappingMicrobenchmark - ScenarioSummary{format=DELETION_VECTOR, density=SPARSE, strategy=SMART, deletes=100000, runs=10000, avgLatency=333.85ms, p99=384.96ms, read=40.7%, remap=17.9%, write=41.4%, throughput=301253/s}
[main] INFO org.apache.iceberg.benchmark.remapping.RemappingMicrobenchmark - ScenarioSummary{format=DELETION_VECTOR, density=SPARSE, strategy=SMART, deletes=10000, runs=10, avgLatency=153.00ms, p99=187.10ms, read=57.2%, remap=0.4%, write=42.4%, throughput=65920/s}
[main] INFO org.apache.iceberg.benchmark.remapping.RemappingMicrobenchmark - ScenarioSummary{format=DELETION_VECTOR, density=SPARSE, strategy=SMART, deletes=10000, runs=100, avgLatency=155.35ms, p99=197.46ms, read=57.1%, remap=0.4%, write=42.5%, throughput=65160/s}
[main] INFO org.apache.iceberg.benchmark.remapping.RemappingMicrobenchmark - ScenarioSummary{format=DELETION_VECTOR, density=SPARSE, strategy=SMART, deletes=10000, runs=1000, avgLatency=161.27ms, p99=218.88ms, read=55.9%, remap=0.7%, write=43.4%, throughput=63041/s}
[main] INFO org.apache.iceberg.benchmark.remapping.RemappingMicrobenchmark - ScenarioSummary{format=DELETION_VECTOR, density=SPARSE, strategy=SMART, deletes=10000, runs=10000, avgLatency=182.98ms, p99=234.50ms, read=55.5%, remap=2.5%, write=42.0%, throughput=55685/s}
[main] INFO org.apache.iceberg.benchmark.remapping.RemappingMicrobenchmark - ScenarioSummary{format=DELETION_VECTOR, density=SPARSE, strategy=SMART, deletes=1000, runs=10, avgLatency=171.11ms, p99=209.77ms, read=55.8%, remap=0.5%, write=43.7%, throughput=5904/s}
[main] INFO org.apache.iceberg.benchmark.remapping.RemappingMicrobenchmark - ScenarioSummary{format=DELETION_VECTOR, density=SPARSE, strategy=SMART, deletes=1000, runs=100, avgLatency=173.97ms, p99=213.36ms, read=56.0%, remap=0.3%, write=43.7%, throughput=5813/s}
[main] INFO org.apache.iceberg.benchmark.remapping.RemappingMicrobenchmark - ScenarioSummary{format=DELETION_VECTOR, density=SPARSE, strategy=SMART, deletes=1000, runs=1000, avgLatency=169.68ms, p99=273.91ms, read=57.3%, remap=0.2%, write=42.5%, throughput=6053/s}
[main] INFO org.apache.iceberg.benchmark.remapping.RemappingMicrobenchmark - ScenarioSummary{format=DELETION_VECTOR, density=SPARSE, strategy=SMART, deletes=1000, runs=10000, avgLatency=169.57ms, p99=210.44ms, read=57.9%, remap=0.6%, write=41.5%, throughput=5964/s}
[main] INFO org.apache.iceberg.benchmark.remapping.RemappingMicrobenchmark - 
--- Strategy Comparison (avg latency ms) ---
Scenario                                     LINEAR     BINARY   INTERVAL     STREAM      RANGE      SMART
----------------------------------------------------------------------------------------------------
DELETION_VECTOR DENSE d=d1000000 r=r10            -          -          -          -          -     353.58
DELETION_VECTOR DENSE d=d1000000 r=r100           -          -          -          -          -     409.76
DELETION_VECTOR DENSE d=d1000000 r=r1000          -          -          -          -          -     324.12
DELETION_VECTOR DENSE d=d1000000 r=r10000          -          -          -          -          -     347.97
DELETION_VECTOR DENSE d=d100000 r=r10             -          -          -          -          -     201.53
DELETION_VECTOR DENSE d=d100000 r=r100            -          -          -          -          -     213.75
DELETION_VECTOR DENSE d=d100000 r=r1000           -          -          -          -          -     202.98
DELETION_VECTOR DENSE d=d100000 r=r10000          -          -          -          -          -     227.69
DELETION_VECTOR DENSE d=d10000 r=r10              -          -          -          -          -     158.34
DELETION_VECTOR DENSE d=d10000 r=r100             -          -          -          -          -     151.88
DELETION_VECTOR DENSE d=d10000 r=r1000            -          -          -          -          -     162.44
DELETION_VECTOR DENSE d=d10000 r=r10000           -          -          -          -          -     170.68
DELETION_VECTOR DENSE d=d1000 r=r10               -          -          -          -          -     164.17
DELETION_VECTOR DENSE d=d1000 r=r100              -          -          -          -          -     167.46
DELETION_VECTOR DENSE d=d1000 r=r1000             -          -          -          -          -     150.39
DELETION_VECTOR DENSE d=d1000 r=r10000            -          -          -          -          -     159.60
DELETION_VECTOR SPARSE d=d1000000 r=r10           -          -          -          -          -     466.19
DELETION_VECTOR SPARSE d=d1000000 r=r100          -          -          -          -          -     457.32
DELETION_VECTOR SPARSE d=d1000000 r=r1000          -          -          -          -          -     433.30
DELETION_VECTOR SPARSE d=d1000000 r=r10000          -          -          -          -          -     578.18
DELETION_VECTOR SPARSE d=d100000 r=r10            -          -          -          -          -     213.41
DELETION_VECTOR SPARSE d=d100000 r=r100           -          -          -          -          -     196.88
DELETION_VECTOR SPARSE d=d100000 r=r1000          -          -          -          -          -     228.62
DELETION_VECTOR SPARSE d=d100000 r=r10000          -          -          -          -          -     333.85
DELETION_VECTOR SPARSE d=d10000 r=r10             -          -          -          -          -     153.00
DELETION_VECTOR SPARSE d=d10000 r=r100            -          -          -          -          -     155.35
DELETION_VECTOR SPARSE d=d10000 r=r1000           -          -          -          -          -     161.27
DELETION_VECTOR SPARSE d=d10000 r=r10000          -          -          -          -          -     182.98
DELETION_VECTOR SPARSE d=d1000 r=r10              -          -          -          -          -     171.11
DELETION_VECTOR SPARSE d=d1000 r=r100             -          -          -          -          -     173.97
DELETION_VECTOR SPARSE d=d1000 r=r1000            -          -          -          -          -     169.68
DELETION_VECTOR SPARSE d=d1000 r=r10000           -          -          -          -          -     169.57
POSITION_DELETE FILE d=X r=d1000000               -          -          -          -          -    1894.32
POSITION_DELETE FILE d=X r=d1000000               -          -          -          -          -    1938.78
POSITION_DELETE FILE d=X r=d1000000               -          -          -          -          -    1876.99
POSITION_DELETE FILE d=X r=d1000000               -          -          -          -          -    1904.36
POSITION_DELETE FILE d=X r=d100000                -          -          -          -          -     364.45
POSITION_DELETE FILE d=X r=d100000                -          -          -          -          -     347.68
POSITION_DELETE FILE d=X r=d100000                -          -          -          -          -     351.78
POSITION_DELETE FILE d=X r=d100000                -          -          -          -          -     347.12
POSITION_DELETE FILE d=X r=d10000                 -          -          -          -          -     168.34
POSITION_DELETE FILE d=X r=d10000                 -          -          -          -          -     162.26
POSITION_DELETE FILE d=X r=d10000                 -          -          -          -          -     174.59
POSITION_DELETE FILE d=X r=d10000                 -          -          -          -          -     167.58
POSITION_DELETE FILE d=X r=d1000                  -          -          -          -          -     170.79
POSITION_DELETE FILE d=X r=d1000                  -          -          -          -          -     162.26
POSITION_DELETE FILE d=X r=d1000                  -          -          -          -          -     153.04
POSITION_DELETE FILE d=X r=d1000                  -          -          -          -          -     162.94
POSITION_DELETE FILE d=X r=d1000000               -          -          -          -          -    1960.10
POSITION_DELETE FILE d=X r=d1000000               -          -          -          -          -    2007.86
POSITION_DELETE FILE d=X r=d1000000               -          -          -          -          -    2212.34
POSITION_DELETE FILE d=X r=d1000000               -          -          -          -          -    2267.58
POSITION_DELETE FILE d=X r=d100000                -          -          -          -          -     387.63
POSITION_DELETE FILE d=X r=d100000                -          -          -          -          -     374.51
POSITION_DELETE FILE d=X r=d100000                -          -          -          -          -     378.32
POSITION_DELETE FILE d=X r=d100000                -          -          -          -          -     415.74
POSITION_DELETE FILE d=X r=d10000                 -          -          -          -          -     173.92
POSITION_DELETE FILE d=X r=d10000                 -          -          -          -          -     176.07
POSITION_DELETE FILE d=X r=d10000                 -          -          -          -          -     203.55
POSITION_DELETE FILE d=X r=d10000                 -          -          -          -          -     196.41
POSITION_DELETE FILE d=X r=d1000                  -          -          -          -          -     183.03
POSITION_DELETE FILE d=X r=d1000                  -          -          -          -          -     164.25
POSITION_DELETE FILE d=X r=d1000                  -          -          -          -          -     171.22
POSITION_DELETE FILE d=X r=d1000                  -          -          -          -          -     158.91
[main] INFO org.apache.iceberg.benchmark.remapping.RemappingMicrobenchmark - Results saved to: results/run_20260512_192447
